Sentiment Origin Labels,1,1,1,1,1,1,1,1,2,3,3,3,3,3,3,3,2,2,3,3,3,3,3,,,,,,,,,,,,,,,,,,,,,,,,,,,,,,,,,,,,,,,,,,,,,,,,,,,,,,,,,,,,,,,,,,,,,,,,,,,,,,,,,,,,,,,,,,,,,,,,,,,,,,,,,,,,,,,,,,,,,,,,,,,,,,,,,,,,,,,,,,,,,,,,,,,,,,,,,,,,,,,,,,,,,,,,,,,,,,,,,,,,,,,,,,,,,,,,,,,,,,,,,,,
Sentiment Mapped Labels,O,O,O,O,O,O,O,O,B-긍정,I-긍정,I-긍정,I-긍정,I-긍정,I-긍정,I-긍정,I-긍정,B-긍정,B-긍정,I-긍정,I-긍정,I-긍정,I-긍정,I-긍정,,,,,,,,,,,,,,,,,,,,,,,,,,,,,,,,,,,,,,,,,,,,,,,,,,,,,,,,,,,,,,,,,,,,,,,,,,,,,,,,,,,,,,,,,,,,,,,,,,,,,,,,,,,,,,,,,,,,,,,,,,,,,,,,,,,,,,,,,,,,,,,,,,,,,,,,,,,,,,,,,,,,,,,,,,,,,,,,,,,,,,,,,,,,,,,,,,,,,,,,,,,
Aspect2 Original Labels,1,1,1,1,1,1,1,1,2,3,3,3,3,3,3,3,10,10,11,11,11,11,11,,,,,,,,,,,,,,,,,,,,,,,,,,,,,,,,,,,,,,,,,,,,,,,,,,,,,,,,,,,,,,,,,,,,,,,,,,,,,,,,,,,,,,,,,,,,,,,,,,,,,,,,,,,,,,,,,,,,,,,,,,,,,,,,,,,,,,,,,,,,,,,,,,,,,,,,,,,,,,,,,,,,,,,,,,,,,,,,,,,,,,,,,,,,,,,,,,,,,,,,,,,
Aspect2 Mapped Labels,O,O,O,O,O,O,O,O,B-가격,I-가격,I-가격,I-가격,I-가격,I-가격,I-가격,I-가격,B-사용감/착용감,B-사용감/착용감,I-사용감/착용감,I-사용감/착용감,I-사용감/착용감,I-사용감/착용감,I-사용감/착용감,,,,,,,,,,,,,,,,,,,,,,,,,,,,,,,,,,,,,,,,,,,,,,,,,,,,,,,,,,,,,,,,,,,,,,,,,,,,,,,,,,,,,,,,,,,,,,,,,,,,,,,,,,,,,,,,,,,,,,,,,,,,,,,,,,,,,,,,,,,,,,,,,,,,,,,,,,,,,,,,,,,,,,,,,,,,,,,,,,,,,,,,,,,,,,,,,,,,,,,,,,,
Tokenized Text,지인,소개,##로,추천,받아,써,##보,##는데,가격,대비,가성,##비,좋,##네,##요,.,자극,##도,덜,##하고,좋아,##요,~,,,,,,,,,,,,,,,,,,,,,,,,,,,,,,,,,,,,,,,,,,,,,,,,,,,,,,,,,,,,,,,,,,,,,,,,,,,,,,,,,,,,,,,,,,,,,,,,,,,,,,,,,,,,,,,,,,,,,,,,,,,,,,,,,,,,,,,,,,,,,,,,,,,,,,,,,,,,,,,,,,,,,,,,,,,,,,,,,,,,,,,,,,,,,,,,,,,,,,,,,,,
Sentiment Origin Labels,2,2,3,3,3,3,2,2,3,3,2,2,3,3,3,3,3,1,1,,,,,,,,,,,,,,,,,,,,,,,,,,,,,,,,,,,,,,,,,,,,,,,,,,,,,,,,,,,,,,,,,,,,,,,,,,,,,,,,,,,,,,,,,,,,,,,,,,,,,,,,,,,,,,,,,,,,,,,,,,,,,,,,,,,,,,,,,,,,,,,,,,,,,,,,,,,,,,,,,,,,,,,,,,,,,,,,,,,,,,,,,,,,,,,,,,,,,,,,,,,,,,,
Sentiment Mapped Labels,B-긍정,B-긍정,I-긍정,I-긍정,I-긍정,I-긍정,B-긍정,B-긍정,I-긍정,I-긍정,B-긍정,B-긍정,I-긍정,I-긍정,I-긍정,I-긍정,I-긍정,O,O,,,,,,,,,,,,,,,,,,,,,,,,,,,,,,,,,,,,,,,,,,,,,,,,,,,,,,,,,,,,,,,,,,,,,,,,,,,,,,,,,,,,,,,,,,,,,,,,,,,,,,,,,,,,,,,,,,,,,,,,,,,,,,,,,,,,,,,,,,,,,,,,,,,,,,,,,,,,,,,,,,,,,,,,,,,,,,,,,,,,,,,,,,,,,,,,,,,,,,,,,,,,,,,
Aspect2 Original Labels,12,12,13,13,13,13,10,10,11,11,10,10,11,11,11,11,11,1,1,,,,,,,,,,,,,,,,,,,,,,,,,,,,,,,,,,,,,,,,,,,,,,,,,,,,,,,,,,,,,,,,,,,,,,,,,,,,,,,,,,,,,,,,,,,,,,,,,,,,,,,,,,,,,,,,,,,,,,,,,,,,,,,,,,,,,,,,,,,,,,,,,,,,,,,,,,,,,,,,,,,,,,,,,,,,,,,,,,,,,,,,,,,,,,,,,,,,,,,,,,,,,,,
Aspect2 Mapped Labels,B-편의성/활용성,B-편의성/활용성,I-편의성/활용성,I-편의성/활용성,I-편의성/활용성,I-편의성/활용성,B-사용감/착용감,B-사용감/착용감,I-사용감/착용감,I-사용감/착용감,B-사용감/착용감,B-사용감/착용감,I-사용감/착용감,I-사용감/착용감,I-사용감/착용감,I-사용감/착용감,I-사용감/착용감,O,O,,,,,,,,,,,,,,,,,,,,,,,,,,,,,,,,,,,,,,,,,,,,,,,,,,,,,,,,,,,,,,,,,,,,,,,,,,,,,,,,,,,,,,,,,,,,,,,,,,,,,,,,,,,,,,,,,,,,,,,,,,,,,,,,,,,,,,,,,,,,,,,,,,,,,,,,,,,,,,,,,,,,,,,,,,,,,,,,,,,,,,,,,,,,,,,,,,,,,,,,,,,,,,,
Tokenized Text,사용,##하기,간편,##하기,##도,하고,향,##도,좋,##도,자극,##도,없,##어,##서,좋아,##요,추천,##합니다,,,,,,,,,,,,,,,,,,,,,,,,,,,,,,,,,,,,,,,,,,,,,,,,,,,,,,,,,,,,,,,,,,,,,,,,,,,,,,,,,,,,,,,,,,,,,,,,,,,,,,,,,,,,,,,,,,,,,,,,,,,,,,,,,,,,,,,,,,,,,,,,,,,,,,,,,,,,,,,,,,,,,,,,,,,,,,,,,,,,,,,,,,,,,,,,,,,,,,,,,,,,,,,
Sentiment Origin Labels,2,2,2,2,2,3,3,3,3,3,3,6,7,7,7,7,7,7,7,7,,,,,,,,,,,,,,,,,,,,,,,,,,,,,,,,,,,,,,,,,,,,,,,,,,,,,,,,,,,,,,,,,,,,,,,,,,,,,,,,,,,,,,,,,,,,,,,,,,,,,,,,,,,,,,,,,,,,,,,,,,,,,,,,,,,,,,,,,,,,,,,,,,,,,,,,,,,,,,,,,,,,,,,,,,,,,,,,,,,,,,,,,,,,,,,,,,,,,,,,,,,,,,
Sentiment Mapped Labels,B-긍정,B-긍정,B-긍정,B-긍정,B-긍정,I-긍정,I-긍정,I-긍정,I-긍정,I-긍정,I-긍정,B-중립,I-중립,I-중립,I-중립,I-중립,I-중립,I-중립,I-중립,I-중립,,,,,,,,,,,,,,,,,,,,,,,,,,,,,,,,,,,,,,,,,,,,,,,,,,,,,,,,,,,,,,,,,,,,,,,,,,,,,,,,,,,,,,,,,,,,,,,,,,,,,,,,,,,,,,,,,,,,,,,,,,,,,,,,,,,,,,,,,,,,,,,,,,,,,,,,,,,,,,,,,,,,,,,,,,,,,,,,,,,,,,,,,,,,,,,,,,,,,,,,,,,,,,
Aspect2 Original Labels,2,2,2,2,2,1,1,1,1,1,1,8,9,9,9,9,9,9,9,9,,,,,,,,,,,,,,,,,,,,,,,,,,,,,,,,,,,,,,,,,,,,,,,,,,,,,,,,,,,,,,,,,,,,,,,,,,,,,,,,,,,,,,,,,,,,,,,,,,,,,,,,,,,,,,,,,,,,,,,,,,,,,,,,,,,,,,,,,,,,,,,,,,,,,,,,,,,,,,,,,,,,,,,,,,,,,,,,,,,,,,,,,,,,,,,,,,,,,,,,,,,,,,
Aspect2 Mapped Labels,B-가격,B-가격,B-가격,B-가격,B-가격,O,O,O,O,O,O,B-효과/성능/기능,I-효과/성능/기능,I-효과/성능/기능,I-효과/성능/기능,I-효과/성능/기능,I-효과/성능/기능,I-효과/성능/기능,I-효과/성능/기능,I-효과/성능/기능,,,,,,,,,,,,,,,,,,,,,,,,,,,,,,,,,,,,,,,,,,,,,,,,,,,,,,,,,,,,,,,,,,,,,,,,,,,,,,,,,,,,,,,,,,,,,,,,,,,,,,,,,,,,,,,,,,,,,,,,,,,,,,,,,,,,,,,,,,,,,,,,,,,,,,,,,,,,,,,,,,,,,,,,,,,,,,,,,,,,,,,,,,,,,,,,,,,,,,,,,,,,,,
Tokenized Text,22,##관,##왕,##이,##라,구매,##했,##어요,##ㅎ,##ㅎ,##ㅎ,꾸준히,써서,효과,있,##었,##음,좋,##겠,##어요,,,,,,,,,,,,,,,,,,,,,,,,,,,,,,,,,,,,,,,,,,,,,,,,,,,,,,,,,,,,,,,,,,,,,,,,,,,,,,,,,,,,,,,,,,,,,,,,,,,,,,,,,,,,,,,,,,,,,,,,,,,,,,,,,,,,,,,,,,,,,,,,,,,,,,,,,,,,,,,,,,,,,,,,,,,,,,,,,,,,,,,,,,,,,,,,,,,,,,,,,,,,,,
Sentiment Origin Labels,1,1,1,1,1,1,1,1,1,2,3,3,3,3,3,3,3,3,1,1,1,1,,,,,,,,,,,,,,,,,,,,,,,,,,,,,,,,,,,,,,,,,,,,,,,,,,,,,,,,,,,,,,,,,,,,,,,,,,,,,,,,,,,,,,,,,,,,,,,,,,,,,,,,,,,,,,,,,,,,,,,,,,,,,,,,,,,,,,,,,,,,,,,,,,,,,,,,,,,,,,,,,,,,,,,,,,,,,,,,,,,,,,,,,,,,,,,,,,,,,,,,,,,,
Sentiment Mapped Labels,O,O,O,O,O,O,O,O,O,B-긍정,I-긍정,I-긍정,I-긍정,I-긍정,I-긍정,I-긍정,I-긍정,I-긍정,O,O,O,O,,,,,,,,,,,,,,,,,,,,,,,,,,,,,,,,,,,,,,,,,,,,,,,,,,,,,,,,,,,,,,,,,,,,,,,,,,,,,,,,,,,,,,,,,,,,,,,,,,,,,,,,,,,,,,,,,,,,,,,,,,,,,,,,,,,,,,,,,,,,,,,,,,,,,,,,,,,,,,,,,,,,,,,,,,,,,,,,,,,,,,,,,,,,,,,,,,,,,,,,,,,,
Aspect2 Original Labels,1,1,1,1,1,1,1,1,1,1,7,7,7,7,7,7,7,7,1,1,1,1,,,,,,,,,,,,,,,,,,,,,,,,,,,,,,,,,,,,,,,,,,,,,,,,,,,,,,,,,,,,,,,,,,,,,,,,,,,,,,,,,,,,,,,,,,,,,,,,,,,,,,,,,,,,,,,,,,,,,,,,,,,,,,,,,,,,,,,,,,,,,,,,,,,,,,,,,,,,,,,,,,,,,,,,,,,,,,,,,,,,,,,,,,,,,,,,,,,,,,,,,,,,
Aspect2 Mapped Labels,O,O,O,O,O,O,O,O,O,O,I-사이즈/무게/개수,I-사이즈/무게/개수,I-사이즈/무게/개수,I-사이즈/무게/개수,I-사이즈/무게/개수,I-사이즈/무게/개수,I-사이즈/무게/개수,I-사이즈/무게/개수,O,O,O,O,,,,,,,,,,,,,,,,,,,,,,,,,,,,,,,,,,,,,,,,,,,,,,,,,,,,,,,,,,,,,,,,,,,,,,,,,,,,,,,,,,,,,,,,,,,,,,,,,,,,,,,,,,,,,,,,,,,,,,,,,,,,,,,,,,,,,,,,,,,,,,,,,,,,,,,,,,,,,,,,,,,,,,,,,,,,,,,,,,,,,,,,,,,,,,,,,,,,,,,,,,,,
Tokenized Text,지인,##추,##천,##으로,재,##구,##매,.,.,정말,모든,##피,##부,##에,잘,맞아,##요,.,또,구매,##예,##정,,,,,,,,,,,,,,,,,,,,,,,,,,,,,,,,,,,,,,,,,,,,,,,,,,,,,,,,,,,,,,,,,,,,,,,,,,,,,,,,,,,,,,,,,,,,,,,,,,,,,,,,,,,,,,,,,,,,,,,,,,,,,,,,,,,,,,,,,,,,,,,,,,,,,,,,,,,,,,,,,,,,,,,,,,,,,,,,,,,,,,,,,,,,,,,,,,,,,,,,,,,,
Sentiment Origin Labels,2,2,3,3,3,2,2,3,3,3,1,1,1,1,1,1,1,1,1,1,1,1,1,1,1,1,1,1,,,,,,,,,,,,,,,,,,,,,,,,,,,,,,,,,,,,,,,,,,,,,,,,,,,,,,,,,,,,,,,,,,,,,,,,,,,,,,,,,,,,,,,,,,,,,,,,,,,,,,,,,,,,,,,,,,,,,,,,,,,,,,,,,,,,,,,,,,,,,,,,,,,,,,,,,,,,,,,,,,,,,,,,,,,,,,,,,,,,,,,,,,,,,,,,,,,,,,
Sentiment Mapped Labels,B-긍정,B-긍정,I-긍정,I-긍정,I-긍정,B-긍정,B-긍정,I-긍정,I-긍정,I-긍정,O,O,O,O,O,O,O,O,O,O,O,O,O,O,O,O,O,O,,,,,,,,,,,,,,,,,,,,,,,,,,,,,,,,,,,,,,,,,,,,,,,,,,,,,,,,,,,,,,,,,,,,,,,,,,,,,,,,,,,,,,,,,,,,,,,,,,,,,,,,,,,,,,,,,,,,,,,,,,,,,,,,,,,,,,,,,,,,,,,,,,,,,,,,,,,,,,,,,,,,,,,,,,,,,,,,,,,,,,,,,,,,,,,,,,,,,,
Aspect2 Original Labels,8,8,9,9,9,8,8,9,9,9,1,1,1,1,1,1,1,1,1,1,1,1,1,1,1,1,1,1,,,,,,,,,,,,,,,,,,,,,,,,,,,,,,,,,,,,,,,,,,,,,,,,,,,,,,,,,,,,,,,,,,,,,,,,,,,,,,,,,,,,,,,,,,,,,,,,,,,,,,,,,,,,,,,,,,,,,,,,,,,,,,,,,,,,,,,,,,,,,,,,,,,,,,,,,,,,,,,,,,,,,,,,,,,,,,,,,,,,,,,,,,,,,,,,,,,,,,
Aspect2 Mapped Labels,B-효과/성능/기능,B-효과/성능/기능,I-효과/성능/기능,I-효과/성능/기능,I-효과/성능/기능,B-효과/성능/기능,B-효과/성능/기능,I-효과/성능/기능,I-효과/성능/기능,I-효과/성능/기능,O,O,O,O,O,O,O,O,O,O,O,O,O,O,O,O,O,O,,,,,,,,,,,,,,,,,,,,,,,,,,,,,,,,,,,,,,,,,,,,,,,,,,,,,,,,,,,,,,,,,,,,,,,,,,,,,,,,,,,,,,,,,,,,,,,,,,,,,,,,,,,,,,,,,,,,,,,,,,,,,,,,,,,,,,,,,,,,,,,,,,,,,,,,,,,,,,,,,,,,,,,,,,,,,,,,,,,,,,,,,,,,,,,,,,,,,,
Tokenized Text,수분,##감,너무,좋,##고,흡수,##도,잘,됩니다,!,친구,##들,##에,##게,추천,##도,하고,제,##가,직접,사주,##기,##도,하,##능,제품,##입니다,!,,,,,,,,,,,,,,,,,,,,,,,,,,,,,,,,,,,,,,,,,,,,,,,,,,,,,,,,,,,,,,,,,,,,,,,,,,,,,,,,,,,,,,,,,,,,,,,,,,,,,,,,,,,,,,,,,,,,,,,,,,,,,,,,,,,,,,,,,,,,,,,,,,,,,,,,,,,,,,,,,,,,,,,,,,,,,,,,,,,,,,,,,,,,,,,,,,,,,,
Sentiment Origin Labels,2,2,3,3,3,3,2,3,3,3,2,2,2,2,3,3,3,3,3,3,3,3,3,,,,,,,,,,,,,,,,,,,,,,,,,,,,,,,,,,,,,,,,,,,,,,,,,,,,,,,,,,,,,,,,,,,,,,,,,,,,,,,,,,,,,,,,,,,,,,,,,,,,,,,,,,,,,,,,,,,,,,,,,,,,,,,,,,,,,,,,,,,,,,,,,,,,,,,,,,,,,,,,,,,,,,,,,,,,,,,,,,,,,,,,,,,,,,,,,,,,,,,,,,,
Sentiment Mapped Labels,B-긍정,B-긍정,I-긍정,I-긍정,I-긍정,I-긍정,B-긍정,I-긍정,I-긍정,I-긍정,B-긍정,B-긍정,B-긍정,B-긍정,I-긍정,I-긍정,I-긍정,I-긍정,I-긍정,I-긍정,I-긍정,I-긍정,I-긍정,,,,,,,,,,,,,,,,,,,,,,,,,,,,,,,,,,,,,,,,,,,,,,,,,,,,,,,,,,,,,,,,,,,,,,,,,,,,,,,,,,,,,,,,,,,,,,,,,,,,,,,,,,,,,,,,,,,,,,,,,,,,,,,,,,,,,,,,,,,,,,,,,,,,,,,,,,,,,,,,,,,,,,,,,,,,,,,,,,,,,,,,,,,,,,,,,,,,,,,,,,,
Aspect2 Original Labels,8,8,9,9,9,9,8,9,9,9,8,8,8,8,9,9,9,9,9,9,9,9,9,,,,,,,,,,,,,,,,,,,,,,,,,,,,,,,,,,,,,,,,,,,,,,,,,,,,,,,,,,,,,,,,,,,,,,,,,,,,,,,,,,,,,,,,,,,,,,,,,,,,,,,,,,,,,,,,,,,,,,,,,,,,,,,,,,,,,,,,,,,,,,,,,,,,,,,,,,,,,,,,,,,,,,,,,,,,,,,,,,,,,,,,,,,,,,,,,,,,,,,,,,,
Aspect2 Mapped Labels,B-효과/성능/기능,B-효과/성능/기능,I-효과/성능/기능,I-효과/성능/기능,I-효과/성능/기능,I-효과/성능/기능,B-효과/성능/기능,I-효과/성능/기능,I-효과/성능/기능,I-효과/성능/기능,B-효과/성능/기능,B-효과/성능/기능,B-효과/성능/기능,B-효과/성능/기능,I-효과/성능/기능,I-효과/성능/기능,I-효과/성능/기능,I-효과/성능/기능,I-효과/성능/기능,I-효과/성능/기능,I-효과/성능/기능,I-효과/성능/기능,I-효과/성능/기능,,,,,,,,,,,,,,,,,,,,,,,,,,,,,,,,,,,,,,,,,,,,,,,,,,,,,,,,,,,,,,,,,,,,,,,,,,,,,,,,,,,,,,,,,,,,,,,,,,,,,,,,,,,,,,,,,,,,,,,,,,,,,,,,,,,,,,,,,,,,,,,,,,,,,,,,,,,,,,,,,,,,,,,,,,,,,,,,,,,,,,,,,,,,,,,,,,,,,,,,,,,
Tokenized Text,피부,##에,흡수,##가,좋,##고,강한,보습,좋아,##요,계속,##사,##용,##하면,피부,##에,많이,좋,##을,##거,같,##아,##요,,,,,,,,,,,,,,,,,,,,,,,,,,,,,,,,,,,,,,,,,,,,,,,,,,,,,,,,,,,,,,,,,,,,,,,,,,,,,,,,,,,,,,,,,,,,,,,,,,,,,,,,,,,,,,,,,,,,,,,,,,,,,,,,,,,,,,,,,,,,,,,,,,,,,,,,,,,,,,,,,,,,,,,,,,,,,,,,,,,,,,,,,,,,,,,,,,,,,,,,,,,
Sentiment Origin Labels,2,2,3,3,3,3,3,3,3,2,2,3,3,3,3,3,3,3,1,1,1,1,1,1,1,1,1,,,,,,,,,,,,,,,,,,,,,,,,,,,,,,,,,,,,,,,,,,,,,,,,,,,,,,,,,,,,,,,,,,,,,,,,,,,,,,,,,,,,,,,,,,,,,,,,,,,,,,,,,,,,,,,,,,,,,,,,,,,,,,,,,,,,,,,,,,,,,,,,,,,,,,,,,,,,,,,,,,,,,,,,,,,,,,,,,,,,,,,,,,,,,,,,,,,,,,,
Sentiment Mapped Labels,B-긍정,B-긍정,I-긍정,I-긍정,I-긍정,I-긍정,I-긍정,I-긍정,I-긍정,B-긍정,B-긍정,I-긍정,I-긍정,I-긍정,I-긍정,I-긍정,I-긍정,I-긍정,O,O,O,O,O,O,O,O,O,,,,,,,,,,,,,,,,,,,,,,,,,,,,,,,,,,,,,,,,,,,,,,,,,,,,,,,,,,,,,,,,,,,,,,,,,,,,,,,,,,,,,,,,,,,,,,,,,,,,,,,,,,,,,,,,,,,,,,,,,,,,,,,,,,,,,,,,,,,,,,,,,,,,,,,,,,,,,,,,,,,,,,,,,,,,,,,,,,,,,,,,,,,,,,,,,,,,,,,
Aspect2 Original Labels,10,10,11,11,11,11,11,11,11,8,8,9,9,9,9,9,9,9,1,1,1,1,1,1,1,1,1,,,,,,,,,,,,,,,,,,,,,,,,,,,,,,,,,,,,,,,,,,,,,,,,,,,,,,,,,,,,,,,,,,,,,,,,,,,,,,,,,,,,,,,,,,,,,,,,,,,,,,,,,,,,,,,,,,,,,,,,,,,,,,,,,,,,,,,,,,,,,,,,,,,,,,,,,,,,,,,,,,,,,,,,,,,,,,,,,,,,,,,,,,,,,,,,,,,,,,,
Aspect2 Mapped Labels,B-사용감/착용감,B-사용감/착용감,I-사용감/착용감,I-사용감/착용감,I-사용감/착용감,I-사용감/착용감,I-사용감/착용감,I-사용감/착용감,I-사용감/착용감,B-효과/성능/기능,B-효과/성능/기능,I-효과/성능/기능,I-효과/성능/기능,I-효과/성능/기능,I-효과/성능/기능,I-효과/성능/기능,I-효과/성능/기능,I-효과/성능/기능,O,O,O,O,O,O,O,O,O,,,,,,,,,,,,,,,,,,,,,,,,,,,,,,,,,,,,,,,,,,,,,,,,,,,,,,,,,,,,,,,,,,,,,,,,,,,,,,,,,,,,,,,,,,,,,,,,,,,,,,,,,,,,,,,,,,,,,,,,,,,,,,,,,,,,,,,,,,,,,,,,,,,,,,,,,,,,,,,,,,,,,,,,,,,,,,,,,,,,,,,,,,,,,,,,,,,,,,,
Tokenized Text,확실히,화이트,트러,##플,향,##이,느껴,##지,##니,피부,##가,더,좋아,##지,##는,느낌,##이,##라,너무,강추,##하고,구매,##하,##셔,##도,최고,##입니다,,,,,,,,,,,,,,,,,,,,,,,,,,,,,,,,,,,,,,,,,,,,,,,,,,,,,,,,,,,,,,,,,,,,,,,,,,,,,,,,,,,,,,,,,,,,,,,,,,,,,,,,,,,,,,,,,,,,,,,,,,,,,,,,,,,,,,,,,,,,,,,,,,,,,,,,,,,,,,,,,,,,,,,,,,,,,,,,,,,,,,,,,,,,,,,,,,,,,,,
Sentiment Origin Labels,2,2,3,3,3,3,3,3,3,3,3,3,3,2,2,3,3,3,3,3,3,3,3,3,3,3,,,,,,,,,,,,,,,,,,,,,,,,,,,,,,,,,,,,,,,,,,,,,,,,,,,,,,,,,,,,,,,,,,,,,,,,,,,,,,,,,,,,,,,,,,,,,,,,,,,,,,,,,,,,,,,,,,,,,,,,,,,,,,,,,,,,,,,,,,,,,,,,,,,,,,,,,,,,,,,,,,,,,,,,,,,,,,,,,,,,,,,,,,,,,,,,,,,,,,,,
Sentiment Mapped Labels,B-긍정,B-긍정,I-긍정,I-긍정,I-긍정,I-긍정,I-긍정,I-긍정,I-긍정,I-긍정,I-긍정,I-긍정,I-긍정,B-긍정,B-긍정,I-긍정,I-긍정,I-긍정,I-긍정,I-긍정,I-긍정,I-긍정,I-긍정,I-긍정,I-긍정,I-긍정,,,,,,,,,,,,,,,,,,,,,,,,,,,,,,,,,,,,,,,,,,,,,,,,,,,,,,,,,,,,,,,,,,,,,,,,,,,,,,,,,,,,,,,,,,,,,,,,,,,,,,,,,,,,,,,,,,,,,,,,,,,,,,,,,,,,,,,,,,,,,,,,,,,,,,,,,,,,,,,,,,,,,,,,,,,,,,,,,,,,,,,,,,,,,,,,,,,,,,,,
Aspect2 Original Labels,2,2,3,3,3,3,3,3,3,3,3,3,3,2,2,3,3,3,3,3,3,3,3,3,3,3,,,,,,,,,,,,,,,,,,,,,,,,,,,,,,,,,,,,,,,,,,,,,,,,,,,,,,,,,,,,,,,,,,,,,,,,,,,,,,,,,,,,,,,,,,,,,,,,,,,,,,,,,,,,,,,,,,,,,,,,,,,,,,,,,,,,,,,,,,,,,,,,,,,,,,,,,,,,,,,,,,,,,,,,,,,,,,,,,,,,,,,,,,,,,,,,,,,,,,,,
Aspect2 Mapped Labels,B-가격,B-가격,I-가격,I-가격,I-가격,I-가격,I-가격,I-가격,I-가격,I-가격,I-가격,I-가격,I-가격,B-가격,B-가격,I-가격,I-가격,I-가격,I-가격,I-가격,I-가격,I-가격,I-가격,I-가격,I-가격,I-가격,,,,,,,,,,,,,,,,,,,,,,,,,,,,,,,,,,,,,,,,,,,,,,,,,,,,,,,,,,,,,,,,,,,,,,,,,,,,,,,,,,,,,,,,,,,,,,,,,,,,,,,,,,,,,,,,,,,,,,,,,,,,,,,,,,,,,,,,,,,,,,,,,,,,,,,,,,,,,,,,,,,,,,,,,,,,,,,,,,,,,,,,,,,,,,,,,,,,,,,,
Tokenized Text,저렴,##한,가격,##에,그,##매,##할,##수,있,##어,좋아,##요,👍,저렴,##한,가격,##에,그,##매,##할,##수,있,##어,좋아,##요,👍,,,,,,,,,,,,,,,,,,,,,,,,,,,,,,,,,,,,,,,,,,,,,,,,,,,,,,,,,,,,,,,,,,,,,,,,,,,,,,,,,,,,,,,,,,,,,,,,,,,,,,,,,,,,,,,,,,,,,,,,,,,,,,,,,,,,,,,,,,,,,,,,,,,,,,,,,,,,,,,,,,,,,,,,,,,,,,,,,,,,,,,,,,,,,,,,,,,,,,,,
Sentiment Origin Labels,1,1,1,1,1,1,1,2,2,2,2,3,3,1,1,1,1,1,1,1,1,1,,,,,,,,,,,,,,,,,,,,,,,,,,,,,,,,,,,,,,,,,,,,,,,,,,,,,,,,,,,,,,,,,,,,,,,,,,,,,,,,,,,,,,,,,,,,,,,,,,,,,,,,,,,,,,,,,,,,,,,,,,,,,,,,,,,,,,,,,,,,,,,,,,,,,,,,,,,,,,,,,,,,,,,,,,,,,,,,,,,,,,,,,,,,,,,,,,,,,,,,,,,,
Sentiment Mapped Labels,O,O,O,O,O,O,O,B-긍정,B-긍정,B-긍정,B-긍정,I-긍정,I-긍정,O,O,O,O,O,O,O,O,O,,,,,,,,,,,,,,,,,,,,,,,,,,,,,,,,,,,,,,,,,,,,,,,,,,,,,,,,,,,,,,,,,,,,,,,,,,,,,,,,,,,,,,,,,,,,,,,,,,,,,,,,,,,,,,,,,,,,,,,,,,,,,,,,,,,,,,,,,,,,,,,,,,,,,,,,,,,,,,,,,,,,,,,,,,,,,,,,,,,,,,,,,,,,,,,,,,,,,,,,,,,,
Aspect2 Original Labels,1,1,1,1,1,1,1,10,10,10,10,11,11,1,1,1,1,1,1,1,1,1,,,,,,,,,,,,,,,,,,,,,,,,,,,,,,,,,,,,,,,,,,,,,,,,,,,,,,,,,,,,,,,,,,,,,,,,,,,,,,,,,,,,,,,,,,,,,,,,,,,,,,,,,,,,,,,,,,,,,,,,,,,,,,,,,,,,,,,,,,,,,,,,,,,,,,,,,,,,,,,,,,,,,,,,,,,,,,,,,,,,,,,,,,,,,,,,,,,,,,,,,,,,
Aspect2 Mapped Labels,O,O,O,O,O,O,O,B-사용감/착용감,B-사용감/착용감,B-사용감/착용감,B-사용감/착용감,I-사용감/착용감,I-사용감/착용감,O,O,O,O,O,O,O,O,O,,,,,,,,,,,,,,,,,,,,,,,,,,,,,,,,,,,,,,,,,,,,,,,,,,,,,,,,,,,,,,,,,,,,,,,,,,,,,,,,,,,,,,,,,,,,,,,,,,,,,,,,,,,,,,,,,,,,,,,,,,,,,,,,,,,,,,,,,,,,,,,,,,,,,,,,,,,,,,,,,,,,,,,,,,,,,,,,,,,,,,,,,,,,,,,,,,,,,,,,,,,,
Tokenized Text,잘,쓰,##고,있,##습,##니다,.,자극,##적,##이지,##도,않,##고,오래,쓸,수,있,##을,##거,##같,##아,##요,,,,,,,,,,,,,,,,,,,,,,,,,,,,,,,,,,,,,,,,,,,,,,,,,,,,,,,,,,,,,,,,,,,,,,,,,,,,,,,,,,,,,,,,,,,,,,,,,,,,,,,,,,,,,,,,,,,,,,,,,,,,,,,,,,,,,,,,,,,,,,,,,,,,,,,,,,,,,,,,,,,,,,,,,,,,,,,,,,,,,,,,,,,,,,,,,,,,,,,,,,,,
Sentiment Origin Labels,2,3,3,3,3,3,3,3,3,2,2,2,2,3,3,3,3,3,3,3,3,3,1,1,1,1,1,1,1,1,1,1,1,1,1,1,1,1,1,1,1,1,1,1,1,1,1,1,1,1,1,1,1,1,1,,,,,,,,,,,,,,,,,,,,,,,,,,,,,,,,,,,,,,,,,,,,,,,,,,,,,,,,,,,,,,,,,,,,,,,,,,,,,,,,,,,,,,,,,,,,,,,,,,,,,,,,,,,,,,,,,,,,,,,,,,,,,,,,,,,,,,,,,,,,,,,,,,,,,,,,,,,,,,,,,,,,,,,,,,,
Sentiment Mapped Labels,B-긍정,I-긍정,I-긍정,I-긍정,I-긍정,I-긍정,I-긍정,I-긍정,I-긍정,B-긍정,B-긍정,B-긍정,B-긍정,I-긍정,I-긍정,I-긍정,I-긍정,I-긍정,I-긍정,I-긍정,I-긍정,I-긍정,O,O,O,O,O,O,O,O,O,O,O,O,O,O,O,O,O,O,O,O,O,O,O,O,O,O,O,O,O,O,O,O,O,,,,,,,,,,,,,,,,,,,,,,,,,,,,,,,,,,,,,,,,,,,,,,,,,,,,,,,,,,,,,,,,,,,,,,,,,,,,,,,,,,,,,,,,,,,,,,,,,,,,,,,,,,,,,,,,,,,,,,,,,,,,,,,,,,,,,,,,,,,,,,,,,,,,,,,,,,,,,,,,,,,,,,,,,,,
Aspect2 Original Labels,10,11,11,11,11,11,11,11,11,4,4,8,8,9,9,9,9,9,9,9,9,9,1,1,1,1,1,1,1,1,1,1,1,1,1,1,1,1,1,1,1,1,1,1,1,1,1,1,1,1,1,1,1,1,1,,,,,,,,,,,,,,,,,,,,,,,,,,,,,,,,,,,,,,,,,,,,,,,,,,,,,,,,,,,,,,,,,,,,,,,,,,,,,,,,,,,,,,,,,,,,,,,,,,,,,,,,,,,,,,,,,,,,,,,,,,,,,,,,,,,,,,,,,,,,,,,,,,,,,,,,,,,,,,,,,,,,,,,,,,,
Aspect2 Mapped Labels,B-사용감/착용감,I-사용감/착용감,I-사용감/착용감,I-사용감/착용감,I-사용감/착용감,I-사용감/착용감,I-사용감/착용감,I-사용감/착용감,I-사용감/착용감,B-품질/디자인/구성,B-품질/디자인/구성,B-효과/성능/기능,B-효과/성능/기능,I-효과/성능/기능,I-효과/성능/기능,I-효과/성능/기능,I-효과/성능/기능,I-효과/성능/기능,I-효과/성능/기능,I-효과/성능/기능,I-효과/성능/기능,I-효과/성능/기능,O,O,O,O,O,O,O,O,O,O,O,O,O,O,O,O,O,O,O,O,O,O,O,O,O,O,O,O,O,O,O,O,O,,,,,,,,,,,,,,,,,,,,,,,,,,,,,,,,,,,,,,,,,,,,,,,,,,,,,,,,,,,,,,,,,,,,,,,,,,,,,,,,,,,,,,,,,,,,,,,,,,,,,,,,,,,,,,,,,,,,,,,,,,,,,,,,,,,,,,,,,,,,,,,,,,,,,,,,,,,,,,,,,,,,,,,,,,,
Tokenized Text,모든,피부,타입,##에,관계없이,너무나,##도,순하,##고,이쁘,##고,보습,##력,좋,##은,토너,##이,##자,미스트,##에,##요,.,달,##바,브랜드,스킨케어,##는,인정,##합니다,.,프리,##메라,에센스,다음,##으로,그리고,토니,##모리,모,##찌,토너,##와,아,##누,##아,어,##성,##초,토너,이전,##으로,인정,##할,##게요,.,,,,,,,,,,,,,,,,,,,,,,,,,,,,,,,,,,,,,,,,,,,,,,,,,,,,,,,,,,,,,,,,,,,,,,,,,,,,,,,,,,,,,,,,,,,,,,,,,,,,,,,,,,,,,,,,,,,,,,,,,,,,,,,,,,,,,,,,,,,,,,,,,,,,,,,,,,,,,,,,,,,,,,,,,,,
Sentiment Origin Labels,1,1,1,1,2,2,2,3,3,3,3,3,1,1,1,1,,,,,,,,,,,,,,,,,,,,,,,,,,,,,,,,,,,,,,,,,,,,,,,,,,,,,,,,,,,,,,,,,,,,,,,,,,,,,,,,,,,,,,,,,,,,,,,,,,,,,,,,,,,,,,,,,,,,,,,,,,,,,,,,,,,,,,,,,,,,,,,,,,,,,,,,,,,,,,,,,,,,,,,,,,,,,,,,,,,,,,,,,,,,,,,,,,,,,,,,,,,,,,,,,,
Sentiment Mapped Labels,O,O,O,O,B-긍정,B-긍정,B-긍정,I-긍정,I-긍정,I-긍정,I-긍정,I-긍정,O,O,O,O,,,,,,,,,,,,,,,,,,,,,,,,,,,,,,,,,,,,,,,,,,,,,,,,,,,,,,,,,,,,,,,,,,,,,,,,,,,,,,,,,,,,,,,,,,,,,,,,,,,,,,,,,,,,,,,,,,,,,,,,,,,,,,,,,,,,,,,,,,,,,,,,,,,,,,,,,,,,,,,,,,,,,,,,,,,,,,,,,,,,,,,,,,,,,,,,,,,,,,,,,,,,,,,,,,
Aspect2 Original Labels,1,1,1,1,10,10,10,11,11,11,11,11,1,1,1,1,,,,,,,,,,,,,,,,,,,,,,,,,,,,,,,,,,,,,,,,,,,,,,,,,,,,,,,,,,,,,,,,,,,,,,,,,,,,,,,,,,,,,,,,,,,,,,,,,,,,,,,,,,,,,,,,,,,,,,,,,,,,,,,,,,,,,,,,,,,,,,,,,,,,,,,,,,,,,,,,,,,,,,,,,,,,,,,,,,,,,,,,,,,,,,,,,,,,,,,,,,,,,,,,,,
Aspect2 Mapped Labels,O,O,O,O,B-사용감/착용감,B-사용감/착용감,B-사용감/착용감,I-사용감/착용감,I-사용감/착용감,I-사용감/착용감,I-사용감/착용감,I-사용감/착용감,O,O,O,O,,,,,,,,,,,,,,,,,,,,,,,,,,,,,,,,,,,,,,,,,,,,,,,,,,,,,,,,,,,,,,,,,,,,,,,,,,,,,,,,,,,,,,,,,,,,,,,,,,,,,,,,,,,,,,,,,,,,,,,,,,,,,,,,,,,,,,,,,,,,,,,,,,,,,,,,,,,,,,,,,,,,,,,,,,,,,,,,,,,,,,,,,,,,,,,,,,,,,,,,,,,,,,,,,,
Tokenized Text,상품,받아,##봤,##는데,사용,##감,##이,만족,##스럽,##습,##니다,.,추천,##드,##립니다,.,,,,,,,,,,,,,,,,,,,,,,,,,,,,,,,,,,,,,,,,,,,,,,,,,,,,,,,,,,,,,,,,,,,,,,,,,,,,,,,,,,,,,,,,,,,,,,,,,,,,,,,,,,,,,,,,,,,,,,,,,,,,,,,,,,,,,,,,,,,,,,,,,,,,,,,,,,,,,,,,,,,,,,,,,,,,,,,,,,,,,,,,,,,,,,,,,,,,,,,,,,,,,,,,,,
Sentiment Origin Labels,1,1,1,1,1,1,1,1,1,1,1,1,1,2,2,2,2,2,3,3,3,3,3,3,,,,,,,,,,,,,,,,,,,,,,,,,,,,,,,,,,,,,,,,,,,,,,,,,,,,,,,,,,,,,,,,,,,,,,,,,,,,,,,,,,,,,,,,,,,,,,,,,,,,,,,,,,,,,,,,,,,,,,,,,,,,,,,,,,,,,,,,,,,,,,,,,,,,,,,,,,,,,,,,,,,,,,,,,,,,,,,,,,,,,,,,,,,,,,,,,,,,,,,,,,
Sentiment Mapped Labels,O,O,O,O,O,O,O,O,O,O,O,O,O,B-긍정,B-긍정,B-긍정,B-긍정,B-긍정,I-긍정,I-긍정,I-긍정,I-긍정,I-긍정,I-긍정,,,,,,,,,,,,,,,,,,,,,,,,,,,,,,,,,,,,,,,,,,,,,,,,,,,,,,,,,,,,,,,,,,,,,,,,,,,,,,,,,,,,,,,,,,,,,,,,,,,,,,,,,,,,,,,,,,,,,,,,,,,,,,,,,,,,,,,,,,,,,,,,,,,,,,,,,,,,,,,,,,,,,,,,,,,,,,,,,,,,,,,,,,,,,,,,,,,,,,,,,,
Aspect2 Original Labels,1,1,1,1,1,1,1,1,1,1,1,1,1,8,8,8,8,8,9,13,13,13,13,13,,,,,,,,,,,,,,,,,,,,,,,,,,,,,,,,,,,,,,,,,,,,,,,,,,,,,,,,,,,,,,,,,,,,,,,,,,,,,,,,,,,,,,,,,,,,,,,,,,,,,,,,,,,,,,,,,,,,,,,,,,,,,,,,,,,,,,,,,,,,,,,,,,,,,,,,,,,,,,,,,,,,,,,,,,,,,,,,,,,,,,,,,,,,,,,,,,,,,,,,,,
Aspect2 Mapped Labels,O,O,O,O,O,O,O,O,O,O,O,O,O,B-효과/성능/기능,B-효과/성능/기능,B-효과/성능/기능,B-효과/성능/기능,B-효과/성능/기능,I-효과/성능/기능,I-편의성/활용성,I-편의성/활용성,I-편의성/활용성,I-편의성/활용성,I-편의성/활용성,,,,,,,,,,,,,,,,,,,,,,,,,,,,,,,,,,,,,,,,,,,,,,,,,,,,,,,,,,,,,,,,,,,,,,,,,,,,,,,,,,,,,,,,,,,,,,,,,,,,,,,,,,,,,,,,,,,,,,,,,,,,,,,,,,,,,,,,,,,,,,,,,,,,,,,,,,,,,,,,,,,,,,,,,,,,,,,,,,,,,,,,,,,,,,,,,,,,,,,,,,
Tokenized Text,미스트,##를,주기,##적으로,써야,##하,##는,계절,##이,왔,##습,##니다,.,꿀,##광,##피,##부,##를,위해,수시로,뿌려,##줍,##니다,~,,,,,,,,,,,,,,,,,,,,,,,,,,,,,,,,,,,,,,,,,,,,,,,,,,,,,,,,,,,,,,,,,,,,,,,,,,,,,,,,,,,,,,,,,,,,,,,,,,,,,,,,,,,,,,,,,,,,,,,,,,,,,,,,,,,,,,,,,,,,,,,,,,,,,,,,,,,,,,,,,,,,,,,,,,,,,,,,,,,,,,,,,,,,,,,,,,,,,,,,,,
Sentiment Origin Labels,1,1,1,1,1,1,1,1,2,2,3,3,3,3,3,3,2,3,3,2,2,1,1,1,1,1,1,1,1,1,1,1,1,2,2,3,3,3,3,3,1,1,,,,,,,,,,,,,,,,,,,,,,,,,,,,,,,,,,,,,,,,,,,,,,,,,,,,,,,,,,,,,,,,,,,,,,,,,,,,,,,,,,,,,,,,,,,,,,,,,,,,,,,,,,,,,,,,,,,,,,,,,,,,,,,,,,,,,,,,,,,,,,,,,,,,,,,,,,,,,,,,,,,,,,,,,,,,,,,,,,,,,,,,
Sentiment Mapped Labels,O,O,O,O,O,O,O,O,B-긍정,B-긍정,I-긍정,I-긍정,I-긍정,I-긍정,I-긍정,I-긍정,B-긍정,I-긍정,I-긍정,B-긍정,B-긍정,O,O,O,O,O,O,O,O,O,O,O,O,B-긍정,B-긍정,I-긍정,I-긍정,I-긍정,I-긍정,I-긍정,O,O,,,,,,,,,,,,,,,,,,,,,,,,,,,,,,,,,,,,,,,,,,,,,,,,,,,,,,,,,,,,,,,,,,,,,,,,,,,,,,,,,,,,,,,,,,,,,,,,,,,,,,,,,,,,,,,,,,,,,,,,,,,,,,,,,,,,,,,,,,,,,,,,,,,,,,,,,,,,,,,,,,,,,,,,,,,,,,,,,,,,,,,,
Aspect2 Original Labels,1,1,1,1,1,1,1,1,2,2,3,3,3,3,3,3,6,7,7,2,2,1,1,1,1,1,1,1,1,1,1,1,1,2,2,3,3,3,3,3,1,1,,,,,,,,,,,,,,,,,,,,,,,,,,,,,,,,,,,,,,,,,,,,,,,,,,,,,,,,,,,,,,,,,,,,,,,,,,,,,,,,,,,,,,,,,,,,,,,,,,,,,,,,,,,,,,,,,,,,,,,,,,,,,,,,,,,,,,,,,,,,,,,,,,,,,,,,,,,,,,,,,,,,,,,,,,,,,,,,,,,,,,,,
Aspect2 Mapped Labels,O,O,O,O,O,O,O,O,B-가격,B-가격,I-가격,I-가격,I-가격,I-가격,I-가격,I-가격,B-사이즈/무게/개수,I-사이즈/무게/개수,I-사이즈/무게/개수,B-가격,B-가격,O,O,O,O,O,O,O,O,O,O,O,O,B-가격,B-가격,I-가격,I-가격,I-가격,I-가격,I-가격,O,O,,,,,,,,,,,,,,,,,,,,,,,,,,,,,,,,,,,,,,,,,,,,,,,,,,,,,,,,,,,,,,,,,,,,,,,,,,,,,,,,,,,,,,,,,,,,,,,,,,,,,,,,,,,,,,,,,,,,,,,,,,,,,,,,,,,,,,,,,,,,,,,,,,,,,,,,,,,,,,,,,,,,,,,,,,,,,,,,,,,,,,,,
Tokenized Text,항상,구매,##하,##는,상품,##입니다,이번,##에,세일,##해서,저렴,##하,##게,구매,##했,##어요,양도,많,##고,저렴,##해서,항상,잘,이용,##하고,있,##습,##니다,또,구매,##예,##정,##입니다,세일,##해서,득,##탬,##했,##네,##요,감사,##합니다,,,,,,,,,,,,,,,,,,,,,,,,,,,,,,,,,,,,,,,,,,,,,,,,,,,,,,,,,,,,,,,,,,,,,,,,,,,,,,,,,,,,,,,,,,,,,,,,,,,,,,,,,,,,,,,,,,,,,,,,,,,,,,,,,,,,,,,,,,,,,,,,,,,,,,,,,,,,,,,,,,,,,,,,,,,,,,,,,,,,,,,,
Sentiment Origin Labels,2,3,3,3,3,3,3,3,3,3,2,2,2,3,3,3,3,3,3,3,3,3,3,,,,,,,,,,,,,,,,,,,,,,,,,,,,,,,,,,,,,,,,,,,,,,,,,,,,,,,,,,,,,,,,,,,,,,,,,,,,,,,,,,,,,,,,,,,,,,,,,,,,,,,,,,,,,,,,,,,,,,,,,,,,,,,,,,,,,,,,,,,,,,,,,,,,,,,,,,,,,,,,,,,,,,,,,,,,,,,,,,,,,,,,,,,,,,,,,,,,,,,,,,,
Sentiment Mapped Labels,B-긍정,I-긍정,I-긍정,I-긍정,I-긍정,I-긍정,I-긍정,I-긍정,I-긍정,I-긍정,B-긍정,B-긍정,B-긍정,I-긍정,I-긍정,I-긍정,I-긍정,I-긍정,I-긍정,I-긍정,I-긍정,I-긍정,I-긍정,,,,,,,,,,,,,,,,,,,,,,,,,,,,,,,,,,,,,,,,,,,,,,,,,,,,,,,,,,,,,,,,,,,,,,,,,,,,,,,,,,,,,,,,,,,,,,,,,,,,,,,,,,,,,,,,,,,,,,,,,,,,,,,,,,,,,,,,,,,,,,,,,,,,,,,,,,,,,,,,,,,,,,,,,,,,,,,,,,,,,,,,,,,,,,,,,,,,,,,,,,,
Aspect2 Original Labels,12,13,13,13,13,13,13,13,13,13,8,8,8,9,9,9,9,9,9,9,9,9,9,,,,,,,,,,,,,,,,,,,,,,,,,,,,,,,,,,,,,,,,,,,,,,,,,,,,,,,,,,,,,,,,,,,,,,,,,,,,,,,,,,,,,,,,,,,,,,,,,,,,,,,,,,,,,,,,,,,,,,,,,,,,,,,,,,,,,,,,,,,,,,,,,,,,,,,,,,,,,,,,,,,,,,,,,,,,,,,,,,,,,,,,,,,,,,,,,,,,,,,,,,,
Aspect2 Mapped Labels,B-편의성/활용성,I-편의성/활용성,I-편의성/활용성,I-편의성/활용성,I-편의성/활용성,I-편의성/활용성,I-편의성/활용성,I-편의성/활용성,I-편의성/활용성,I-편의성/활용성,B-효과/성능/기능,B-효과/성능/기능,B-효과/성능/기능,I-효과/성능/기능,I-효과/성능/기능,I-효과/성능/기능,I-효과/성능/기능,I-효과/성능/기능,I-효과/성능/기능,I-효과/성능/기능,I-효과/성능/기능,I-효과/성능/기능,I-효과/성능/기능,,,,,,,,,,,,,,,,,,,,,,,,,,,,,,,,,,,,,,,,,,,,,,,,,,,,,,,,,,,,,,,,,,,,,,,,,,,,,,,,,,,,,,,,,,,,,,,,,,,,,,,,,,,,,,,,,,,,,,,,,,,,,,,,,,,,,,,,,,,,,,,,,,,,,,,,,,,,,,,,,,,,,,,,,,,,,,,,,,,,,,,,,,,,,,,,,,,,,,,,,,,
Tokenized Text,그냥,막,쓰,##기,좋,##은,##거,같,##아,##요,아무,##때,##나,건조,##할,##때,뿌리,##명,아주,보습,##이,조아,##요,,,,,,,,,,,,,,,,,,,,,,,,,,,,,,,,,,,,,,,,,,,,,,,,,,,,,,,,,,,,,,,,,,,,,,,,,,,,,,,,,,,,,,,,,,,,,,,,,,,,,,,,,,,,,,,,,,,,,,,,,,,,,,,,,,,,,,,,,,,,,,,,,,,,,,,,,,,,,,,,,,,,,,,,,,,,,,,,,,,,,,,,,,,,,,,,,,,,,,,,,,,
Sentiment Origin Labels,1,1,1,1,1,1,1,1,1,1,1,1,1,1,1,1,1,1,1,1,1,1,1,1,1,1,1,1,1,1,1,1,1,1,1,1,1,1,1,1,1,1,1,1,1,1,1,1,1,1,1,1,1,1,1,1,1,1,1,1,1,1,1,1,1,1,1,1,1,1,1,1,2,3,3,3,3,3,3,3,3,3,3,3,3,3,3,3,3,3,2,2,2,2,2,2,2,3,3,3,3,3,3,3,3,3,3,3,3,3,3,3,3,3,3,3,3,3,3,3,1,1,1,1,1,1,1,1,1,1,1,1,1,1,1,1,1,1,1,1,1,3,3,3,3,3,3,3,3,3,3,3,3,3,3,3,3,3,3,3,3,3,3,3,3,3,3,3,3,3,3,1,1,1,1,1,1,1,1,1,1,1,4,4,5,5,5,5,5,5,5,4,4,5,5,5,5,5,5,5,5,5,5,1,1,1,2,3,3,3,3,3,3,3,3,3,3,3,3,3,3,3,3,3,3,3
Sentiment Mapped Labels,O,O,O,O,O,O,O,O,O,O,O,O,O,O,O,O,O,O,O,O,O,O,O,O,O,O,O,O,O,O,O,O,O,O,O,O,O,O,O,O,O,O,O,O,O,O,O,O,O,O,O,O,O,O,O,O,O,O,O,O,O,O,O,O,O,O,O,O,O,O,O,O,B-긍정,I-긍정,I-긍정,I-긍정,I-긍정,I-긍정,I-긍정,I-긍정,I-긍정,I-긍정,I-긍정,I-긍정,I-긍정,I-긍정,I-긍정,I-긍정,I-긍정,I-긍정,B-긍정,B-긍정,B-긍정,B-긍정,B-긍정,B-긍정,B-긍정,I-긍정,I-긍정,I-긍정,I-긍정,I-긍정,I-긍정,I-긍정,I-긍정,I-긍정,I-긍정,I-긍정,I-긍정,I-긍정,I-긍정,I-긍정,I-긍정,I-긍정,I-긍정,I-긍정,I-긍정,I-긍정,I-긍정,I-긍정,O,O,O,O,O,O,O,O,O,O,O,O,O,O,O,O,O,O,O,O,O,I-긍정,I-긍정,I-긍정,I-긍정,I-긍정,I-긍정,I-긍정,I-긍정,I-긍정,I-긍정,I-긍정,I-긍정,I-긍정,I-긍정,I-긍정,I-긍정,I-긍정,I-긍정,I-긍정,I-긍정,I-긍정,I-긍정,I-긍정,I-긍정,I-긍정,I-긍정,I-긍정,I-긍정,I-긍정,I-긍정,O,O,O,O,O,O,O,O,O,O,O,B-부정,B-부정,I-부정,I-부정,I-부정,I-부정,I-부정,I-부정,I-부정,B-부정,B-부정,I-부정,I-부정,I-부정,I-부정,I-부정,I-부정,I-부정,I-부정,I-부정,I-부정,O,O,O,B-긍정,I-긍정,I-긍정,I-긍정,I-긍정,I-긍정,I-긍정,I-긍정,I-긍정,I-긍정,I-긍정,I-긍정,I-긍정,I-긍정,I-긍정,I-긍정,I-긍정,I-긍정,I-긍정,I-긍정
Aspect2 Original Labels,1,1,1,1,1,1,1,1,1,1,1,1,1,1,1,1,1,1,1,1,1,1,1,1,1,1,1,1,1,1,1,1,1,1,1,1,1,1,1,1,1,1,1,1,1,1,1,1,1,1,1,1,1,1,1,1,1,1,1,1,1,1,1,1,1,1,1,1,1,1,1,1,12,13,13,13,13,13,13,13,13,13,13,13,13,13,13,13,13,13,8,8,8,8,8,8,8,9,9,9,9,9,9,9,9,9,9,9,9,9,9,9,9,9,9,9,9,9,9,9,1,1,1,1,1,1,1,1,1,1,1,1,1,1,1,1,1,13,13,13,13,13,13,13,13,13,13,13,13,13,13,13,13,9,9,9,9,9,9,9,9,9,9,9,9,9,9,9,9,9,9,1,1,1,1,1,1,1,1,1,1,1,8,8,9,9,9,9,9,9,9,8,8,9,9,9,9,9,9,9,9,9,9,1,1,1,1,1,1,1,1,1,1,1,1,1,1,1,1,1,1,1,1,1,1,1
Aspect2 Mapped Labels,O,O,O,O,O,O,O,O,O,O,O,O,O,O,O,O,O,O,O,O,O,O,O,O,O,O,O,O,O,O,O,O,O,O,O,O,O,O,O,O,O,O,O,O,O,O,O,O,O,O,O,O,O,O,O,O,O,O,O,O,O,O,O,O,O,O,O,O,O,O,O,O,B-편의성/활용성,I-편의성/활용성,I-편의성/활용성,I-편의성/활용성,I-편의성/활용성,I-편의성/활용성,I-편의성/활용성,I-편의성/활용성,I-편의성/활용성,I-편의성/활용성,I-편의성/활용성,I-편의성/활용성,I-편의성/활용성,I-편의성/활용성,I-편의성/활용성,I-편의성/활용성,I-편의성/활용성,I-편의성/활용성,B-효과/성능/기능,B-효과/성능/기능,B-효과/성능/기능,B-효과/성능/기능,B-효과/성능/기능,B-효과/성능/기능,B-효과/성능/기능,I-효과/성능/기능,I-효과/성능/기능,I-효과/성능/기능,I-효과/성능/기능,I-효과/성능/기능,I-효과/성능/기능,I-효과/성능/기능,I-효과/성능/기능,I-효과/성능/기능,I-효과/성능/기능,I-효과/성능/기능,I-효과/성능/기능,I-효과/성능/기능,I-효과/성능/기능,I-효과/성능/기능,I-효과/성능/기능,I-효과/성능/기능,I-효과/성능/기능,I-효과/성능/기능,I-효과/성능/기능,I-효과/성능/기능,I-효과/성능/기능,I-효과/성능/기능,O,O,O,O,O,O,O,O,O,O,O,O,O,O,O,O,O,I-편의성/활용성,I-편의성/활용성,I-편의성/활용성,I-편의성/활용성,I-편의성/활용성,I-편의성/활용성,I-편의성/활용성,I-편의성/활용성,I-편의성/활용성,I-편의성/활용성,I-편의성/활용성,I-편의성/활용성,I-편의성/활용성,I-편의성/활용성,I-편의성/활용성,I-편의성/활용성,I-효과/성능/기능,I-효과/성능/기능,I-효과/성능/기능,I-효과/성능/기능,I-효과/성능/기능,I-효과/성능/기능,I-효과/성능/기능,I-효과/성능/기능,I-효과/성능/기능,I-효과/성능/기능,I-효과/성능/기능,I-효과/성능/기능,I-효과/성능/기능,I-효과/성능/기능,I-효과/성능/기능,I-효과/성능/기능,I-효과/성능/기능,I-효과/성능/기능,O,O,O,O,O,O,O,O,O,O,O,B-효과/성능/기능,B-효과/성능/기능,I-효과/성능/기능,I-효과/성능/기능,I-효과/성능/기능,I-효과/성능/기능,I-효과/성능/기능,I-효과/성능/기능,I-효과/성능/기능,B-효과/성능/기능,B-효과/성능/기능,I-효과/성능/기능,I-효과/성능/기능,I-효과/성능/기능,I-효과/성능/기능,I-효과/성능/기능,I-효과/성능/기능,I-효과/성능/기능,I-효과/성능/기능,I-효과/성능/기능,I-효과/성능/기능,O,O,O,O,O,O,O,O,O,O,O,O,O,O,O,O,O,O,O,O,O,O,O
Tokenized Text,유명,##한,제품,##은,이유,##가,있,##다고,생각,##됩,##니다,ㅎㅎ,너무,좋아,##요,달,##바,미스트,ㅜㅜ,ㅜ,예전,##에,친구,##가,선물,##로,핑크,##색,미스트,(,좀,더,산뜻,##한,타입,),인,##거,선물,##해,##줬,##었,##는데,생각,##보,##다,진짜,너무,잘,사용,##했,##었,##어,##서,ㅎㅎ,이,오리지널,제품,##도,구입,##한,##건,##데,ㅎㅎ,너무,만족,!,!,저,##는,이거,##를,스킨케어,겹겹,##이,.,하,##기,귀찮,##거나,시간,없,##을,때,자주,사용,##해,##줬,##는데,ㅋㅋ,촉촉,##한,##타,##입,##이,##라,이거,하나,##만,칙,뿌려,##도,어느,##정,##도,##의,건조,##함,##은,잡혀,##서,ㅎㅎ,쓸,일,##이,많,##았,##어요,~,~,그리고,수정,##화,##장,##을,많이,하,##는,편,##인,##데,",",수정,화장,할,때,##도,클렌징,##워,##터,##나,티슈,##로,메이크업,지,##운,뒤,##에,이거,쓱,뿌려,##주,##면,들,##뜸,##없이,촉촉,##하,##게,수정,화장,##할,수,있,##어,##서,그것,##도,너무,좋,##고,그냥,단점,##이,없,##는,제품,##이,##에,##요,.,다만,여름,##에,사용,##하기,##엔,다소,끈적,##이,##고,과,##한,보습,##력,##이,##라,느껴질,듯,해서,.,.,ㅎㅎ,##이,##거,##는,가을,겨울,##에,쓰,##고,",",봄,##에,##는,핑크,##색,써,##주,##면,좋,##을,것,같,##아,##요
Sentiment Origin Labels,2,2,3,3,2,2,2,2,3,3,3,3,3,1,1,1,1,1,1,,,,,,,,,,,,,,,,,,,,,,,,,,,,,,,,,,,,,,,,,,,,,,,,,,,,,,,,,,,,,,,,,,,,,,,,,,,,,,,,,,,,,,,,,,,,,,,,,,,,,,,,,,,,,,,,,,,,,,,,,,,,,,,,,,,,,,,,,,,,,,,,,,,,,,,,,,,,,,,,,,,,,,,,,,,,,,,,,,,,,,,,,,,,,,,,,,,,,,,,,,,,,,,
Sentiment Mapped Labels,B-긍정,B-긍정,I-긍정,I-긍정,B-긍정,B-긍정,B-긍정,B-긍정,I-긍정,I-긍정,I-긍정,I-긍정,I-긍정,O,O,O,O,O,O,,,,,,,,,,,,,,,,,,,,,,,,,,,,,,,,,,,,,,,,,,,,,,,,,,,,,,,,,,,,,,,,,,,,,,,,,,,,,,,,,,,,,,,,,,,,,,,,,,,,,,,,,,,,,,,,,,,,,,,,,,,,,,,,,,,,,,,,,,,,,,,,,,,,,,,,,,,,,,,,,,,,,,,,,,,,,,,,,,,,,,,,,,,,,,,,,,,,,,,,,,,,,,,
Aspect2 Original Labels,10,10,11,11,8,8,8,8,9,9,9,9,9,1,1,1,1,1,1,,,,,,,,,,,,,,,,,,,,,,,,,,,,,,,,,,,,,,,,,,,,,,,,,,,,,,,,,,,,,,,,,,,,,,,,,,,,,,,,,,,,,,,,,,,,,,,,,,,,,,,,,,,,,,,,,,,,,,,,,,,,,,,,,,,,,,,,,,,,,,,,,,,,,,,,,,,,,,,,,,,,,,,,,,,,,,,,,,,,,,,,,,,,,,,,,,,,,,,,,,,,,,,
Aspect2 Mapped Labels,B-사용감/착용감,B-사용감/착용감,I-사용감/착용감,I-사용감/착용감,B-효과/성능/기능,B-효과/성능/기능,B-효과/성능/기능,B-효과/성능/기능,I-효과/성능/기능,I-효과/성능/기능,I-효과/성능/기능,I-효과/성능/기능,I-효과/성능/기능,O,O,O,O,O,O,,,,,,,,,,,,,,,,,,,,,,,,,,,,,,,,,,,,,,,,,,,,,,,,,,,,,,,,,,,,,,,,,,,,,,,,,,,,,,,,,,,,,,,,,,,,,,,,,,,,,,,,,,,,,,,,,,,,,,,,,,,,,,,,,,,,,,,,,,,,,,,,,,,,,,,,,,,,,,,,,,,,,,,,,,,,,,,,,,,,,,,,,,,,,,,,,,,,,,,,,,,,,,,
Tokenized Text,사용,##하기,편하,##고,붉,##으,##스름,##한,얼굴,진정,##도,되,##고,여러모로,좋,##습,##니다,!,!,,,,,,,,,,,,,,,,,,,,,,,,,,,,,,,,,,,,,,,,,,,,,,,,,,,,,,,,,,,,,,,,,,,,,,,,,,,,,,,,,,,,,,,,,,,,,,,,,,,,,,,,,,,,,,,,,,,,,,,,,,,,,,,,,,,,,,,,,,,,,,,,,,,,,,,,,,,,,,,,,,,,,,,,,,,,,,,,,,,,,,,,,,,,,,,,,,,,,,,,,,,,,,,
Sentiment Origin Labels,2,2,3,3,3,3,3,3,3,3,3,3,3,3,2,2,3,3,2,2,2,2,2,3,3,3,2,2,3,3,,,,,,,,,,,,,,,,,,,,,,,,,,,,,,,,,,,,,,,,,,,,,,,,,,,,,,,,,,,,,,,,,,,,,,,,,,,,,,,,,,,,,,,,,,,,,,,,,,,,,,,,,,,,,,,,,,,,,,,,,,,,,,,,,,,,,,,,,,,,,,,,,,,,,,,,,,,,,,,,,,,,,,,,,,,,,,,,,,,,,,,,,,,,,,,,,,,,
Sentiment Mapped Labels,B-긍정,B-긍정,I-긍정,I-긍정,I-긍정,I-긍정,I-긍정,I-긍정,I-긍정,I-긍정,I-긍정,I-긍정,I-긍정,I-긍정,B-긍정,B-긍정,I-긍정,I-긍정,B-긍정,B-긍정,B-긍정,B-긍정,B-긍정,I-긍정,I-긍정,I-긍정,B-긍정,B-긍정,I-긍정,I-긍정,,,,,,,,,,,,,,,,,,,,,,,,,,,,,,,,,,,,,,,,,,,,,,,,,,,,,,,,,,,,,,,,,,,,,,,,,,,,,,,,,,,,,,,,,,,,,,,,,,,,,,,,,,,,,,,,,,,,,,,,,,,,,,,,,,,,,,,,,,,,,,,,,,,,,,,,,,,,,,,,,,,,,,,,,,,,,,,,,,,,,,,,,,,,,,,,,,,,
Aspect2 Original Labels,10,10,11,11,11,11,11,11,11,11,11,11,11,11,10,10,11,11,4,4,4,4,4,5,5,5,8,8,9,9,,,,,,,,,,,,,,,,,,,,,,,,,,,,,,,,,,,,,,,,,,,,,,,,,,,,,,,,,,,,,,,,,,,,,,,,,,,,,,,,,,,,,,,,,,,,,,,,,,,,,,,,,,,,,,,,,,,,,,,,,,,,,,,,,,,,,,,,,,,,,,,,,,,,,,,,,,,,,,,,,,,,,,,,,,,,,,,,,,,,,,,,,,,,,,,,,,,,
Aspect2 Mapped Labels,B-사용감/착용감,B-사용감/착용감,I-사용감/착용감,I-사용감/착용감,I-사용감/착용감,I-사용감/착용감,I-사용감/착용감,I-사용감/착용감,I-사용감/착용감,I-사용감/착용감,I-사용감/착용감,I-사용감/착용감,I-사용감/착용감,I-사용감/착용감,B-사용감/착용감,B-사용감/착용감,I-사용감/착용감,I-사용감/착용감,B-품질/디자인/구성,B-품질/디자인/구성,B-품질/디자인/구성,B-품질/디자인/구성,B-품질/디자인/구성,I-품질/디자인/구성,I-품질/디자인/구성,I-품질/디자인/구성,B-효과/성능/기능,B-효과/성능/기능,I-효과/성능/기능,I-효과/성능/기능,,,,,,,,,,,,,,,,,,,,,,,,,,,,,,,,,,,,,,,,,,,,,,,,,,,,,,,,,,,,,,,,,,,,,,,,,,,,,,,,,,,,,,,,,,,,,,,,,,,,,,,,,,,,,,,,,,,,,,,,,,,,,,,,,,,,,,,,,,,,,,,,,,,,,,,,,,,,,,,,,,,,,,,,,,,,,,,,,,,,,,,,,,,,,,,,,,,,
Tokenized Text,피부,##결,정리,##하기,딱,적당,##한,미스트,##세,##럼,같,##아,##요,ㅎㅎ,자극,##도,없,##고,순,##딩,##순,##딩,##한,느낌,?,?,보습,##도,괜찮,##구요,,,,,,,,,,,,,,,,,,,,,,,,,,,,,,,,,,,,,,,,,,,,,,,,,,,,,,,,,,,,,,,,,,,,,,,,,,,,,,,,,,,,,,,,,,,,,,,,,,,,,,,,,,,,,,,,,,,,,,,,,,,,,,,,,,,,,,,,,,,,,,,,,,,,,,,,,,,,,,,,,,,,,,,,,,,,,,,,,,,,,,,,,,,,,,,,,,,,
Sentiment Origin Labels,1,1,1,1,1,1,1,1,1,2,2,3,3,3,2,2,2,2,2,3,3,3,3,3,3,3,3,,,,,,,,,,,,,,,,,,,,,,,,,,,,,,,,,,,,,,,,,,,,,,,,,,,,,,,,,,,,,,,,,,,,,,,,,,,,,,,,,,,,,,,,,,,,,,,,,,,,,,,,,,,,,,,,,,,,,,,,,,,,,,,,,,,,,,,,,,,,,,,,,,,,,,,,,,,,,,,,,,,,,,,,,,,,,,,,,,,,,,,,,,,,,,,,,,,,,,,
Sentiment Mapped Labels,O,O,O,O,O,O,O,O,O,B-긍정,B-긍정,I-긍정,I-긍정,I-긍정,B-긍정,B-긍정,B-긍정,B-긍정,B-긍정,I-긍정,I-긍정,I-긍정,I-긍정,I-긍정,I-긍정,I-긍정,I-긍정,,,,,,,,,,,,,,,,,,,,,,,,,,,,,,,,,,,,,,,,,,,,,,,,,,,,,,,,,,,,,,,,,,,,,,,,,,,,,,,,,,,,,,,,,,,,,,,,,,,,,,,,,,,,,,,,,,,,,,,,,,,,,,,,,,,,,,,,,,,,,,,,,,,,,,,,,,,,,,,,,,,,,,,,,,,,,,,,,,,,,,,,,,,,,,,,,,,,,,,
Aspect2 Original Labels,1,1,1,1,1,1,1,1,1,8,8,9,9,9,8,8,8,8,8,9,9,9,9,9,9,9,9,,,,,,,,,,,,,,,,,,,,,,,,,,,,,,,,,,,,,,,,,,,,,,,,,,,,,,,,,,,,,,,,,,,,,,,,,,,,,,,,,,,,,,,,,,,,,,,,,,,,,,,,,,,,,,,,,,,,,,,,,,,,,,,,,,,,,,,,,,,,,,,,,,,,,,,,,,,,,,,,,,,,,,,,,,,,,,,,,,,,,,,,,,,,,,,,,,,,,,,
Aspect2 Mapped Labels,O,O,O,O,O,O,O,O,O,B-효과/성능/기능,B-효과/성능/기능,I-효과/성능/기능,I-효과/성능/기능,I-효과/성능/기능,B-효과/성능/기능,B-효과/성능/기능,B-효과/성능/기능,B-효과/성능/기능,B-효과/성능/기능,I-효과/성능/기능,I-효과/성능/기능,I-효과/성능/기능,I-효과/성능/기능,I-효과/성능/기능,I-효과/성능/기능,I-효과/성능/기능,I-효과/성능/기능,,,,,,,,,,,,,,,,,,,,,,,,,,,,,,,,,,,,,,,,,,,,,,,,,,,,,,,,,,,,,,,,,,,,,,,,,,,,,,,,,,,,,,,,,,,,,,,,,,,,,,,,,,,,,,,,,,,,,,,,,,,,,,,,,,,,,,,,,,,,,,,,,,,,,,,,,,,,,,,,,,,,,,,,,,,,,,,,,,,,,,,,,,,,,,,,,,,,,,,
Tokenized Text,미스트,##는,구,##달,##꺼,##만,씁,##니,##닷,분사,##도,잘,##되,##고,촉촉,##해,##요,건조,##한,요즘,##날,##씨,##에,딱,##이,##예,##요,,,,,,,,,,,,,,,,,,,,,,,,,,,,,,,,,,,,,,,,,,,,,,,,,,,,,,,,,,,,,,,,,,,,,,,,,,,,,,,,,,,,,,,,,,,,,,,,,,,,,,,,,,,,,,,,,,,,,,,,,,,,,,,,,,,,,,,,,,,,,,,,,,,,,,,,,,,,,,,,,,,,,,,,,,,,,,,,,,,,,,,,,,,,,,,,,,,,,,,
Sentiment Origin Labels,4,4,4,5,5,5,5,5,5,2,2,3,3,3,3,3,3,2,2,2,2,,,,,,,,,,,,,,,,,,,,,,,,,,,,,,,,,,,,,,,,,,,,,,,,,,,,,,,,,,,,,,,,,,,,,,,,,,,,,,,,,,,,,,,,,,,,,,,,,,,,,,,,,,,,,,,,,,,,,,,,,,,,,,,,,,,,,,,,,,,,,,,,,,,,,,,,,,,,,,,,,,,,,,,,,,,,,,,,,,,,,,,,,,,,,,,,,,,,,,,,,,,,,
Sentiment Mapped Labels,B-부정,B-부정,B-부정,I-부정,I-부정,I-부정,I-부정,I-부정,I-부정,B-긍정,B-긍정,I-긍정,I-긍정,I-긍정,I-긍정,I-긍정,I-긍정,B-긍정,B-긍정,B-긍정,B-긍정,,,,,,,,,,,,,,,,,,,,,,,,,,,,,,,,,,,,,,,,,,,,,,,,,,,,,,,,,,,,,,,,,,,,,,,,,,,,,,,,,,,,,,,,,,,,,,,,,,,,,,,,,,,,,,,,,,,,,,,,,,,,,,,,,,,,,,,,,,,,,,,,,,,,,,,,,,,,,,,,,,,,,,,,,,,,,,,,,,,,,,,,,,,,,,,,,,,,,,,,,,,,,
Aspect2 Original Labels,8,8,8,9,9,9,9,9,9,10,10,11,11,11,11,11,11,8,8,8,8,,,,,,,,,,,,,,,,,,,,,,,,,,,,,,,,,,,,,,,,,,,,,,,,,,,,,,,,,,,,,,,,,,,,,,,,,,,,,,,,,,,,,,,,,,,,,,,,,,,,,,,,,,,,,,,,,,,,,,,,,,,,,,,,,,,,,,,,,,,,,,,,,,,,,,,,,,,,,,,,,,,,,,,,,,,,,,,,,,,,,,,,,,,,,,,,,,,,,,,,,,,,,
Aspect2 Mapped Labels,B-효과/성능/기능,B-효과/성능/기능,B-효과/성능/기능,I-효과/성능/기능,I-효과/성능/기능,I-효과/성능/기능,I-효과/성능/기능,I-효과/성능/기능,I-효과/성능/기능,B-사용감/착용감,B-사용감/착용감,I-사용감/착용감,I-사용감/착용감,I-사용감/착용감,I-사용감/착용감,I-사용감/착용감,I-사용감/착용감,B-효과/성능/기능,B-효과/성능/기능,B-효과/성능/기능,B-효과/성능/기능,,,,,,,,,,,,,,,,,,,,,,,,,,,,,,,,,,,,,,,,,,,,,,,,,,,,,,,,,,,,,,,,,,,,,,,,,,,,,,,,,,,,,,,,,,,,,,,,,,,,,,,,,,,,,,,,,,,,,,,,,,,,,,,,,,,,,,,,,,,,,,,,,,,,,,,,,,,,,,,,,,,,,,,,,,,,,,,,,,,,,,,,,,,,,,,,,,,,,,,,,,,,,
Tokenized Text,수분,##감,##이,오래,지속,##되,##진,않,##지만,예민,##한,피부,##임,##에도,자극,##없,##고,촉촉,##해,##요,!,,,,,,,,,,,,,,,,,,,,,,,,,,,,,,,,,,,,,,,,,,,,,,,,,,,,,,,,,,,,,,,,,,,,,,,,,,,,,,,,,,,,,,,,,,,,,,,,,,,,,,,,,,,,,,,,,,,,,,,,,,,,,,,,,,,,,,,,,,,,,,,,,,,,,,,,,,,,,,,,,,,,,,,,,,,,,,,,,,,,,,,,,,,,,,,,,,,,,,,,,,,,,
Sentiment Origin Labels,2,2,3,3,3,3,3,3,1,1,1,1,1,1,1,1,1,1,1,1,,,,,,,,,,,,,,,,,,,,,,,,,,,,,,,,,,,,,,,,,,,,,,,,,,,,,,,,,,,,,,,,,,,,,,,,,,,,,,,,,,,,,,,,,,,,,,,,,,,,,,,,,,,,,,,,,,,,,,,,,,,,,,,,,,,,,,,,,,,,,,,,,,,,,,,,,,,,,,,,,,,,,,,,,,,,,,,,,,,,,,,,,,,,,,,,,,,,,,,,,,,,,,
Sentiment Mapped Labels,B-긍정,B-긍정,I-긍정,I-긍정,I-긍정,I-긍정,I-긍정,I-긍정,O,O,O,O,O,O,O,O,O,O,O,O,,,,,,,,,,,,,,,,,,,,,,,,,,,,,,,,,,,,,,,,,,,,,,,,,,,,,,,,,,,,,,,,,,,,,,,,,,,,,,,,,,,,,,,,,,,,,,,,,,,,,,,,,,,,,,,,,,,,,,,,,,,,,,,,,,,,,,,,,,,,,,,,,,,,,,,,,,,,,,,,,,,,,,,,,,,,,,,,,,,,,,,,,,,,,,,,,,,,,,,,,,,,,,
Aspect2 Original Labels,8,8,9,9,9,9,9,9,1,1,1,1,1,1,1,1,1,1,1,1,,,,,,,,,,,,,,,,,,,,,,,,,,,,,,,,,,,,,,,,,,,,,,,,,,,,,,,,,,,,,,,,,,,,,,,,,,,,,,,,,,,,,,,,,,,,,,,,,,,,,,,,,,,,,,,,,,,,,,,,,,,,,,,,,,,,,,,,,,,,,,,,,,,,,,,,,,,,,,,,,,,,,,,,,,,,,,,,,,,,,,,,,,,,,,,,,,,,,,,,,,,,,,
Aspect2 Mapped Labels,B-효과/성능/기능,B-효과/성능/기능,I-효과/성능/기능,I-효과/성능/기능,I-효과/성능/기능,I-효과/성능/기능,I-효과/성능/기능,I-효과/성능/기능,O,O,O,O,O,O,O,O,O,O,O,O,,,,,,,,,,,,,,,,,,,,,,,,,,,,,,,,,,,,,,,,,,,,,,,,,,,,,,,,,,,,,,,,,,,,,,,,,,,,,,,,,,,,,,,,,,,,,,,,,,,,,,,,,,,,,,,,,,,,,,,,,,,,,,,,,,,,,,,,,,,,,,,,,,,,,,,,,,,,,,,,,,,,,,,,,,,,,,,,,,,,,,,,,,,,,,,,,,,,,,,,,,,,,,
Tokenized Text,건조,##할,때,뿌려,##주,##기,좋아,##요,다,##들,추천,##해서,샀,##는데,너무,좋,##더라,##구요,추천,##합니다,,,,,,,,,,,,,,,,,,,,,,,,,,,,,,,,,,,,,,,,,,,,,,,,,,,,,,,,,,,,,,,,,,,,,,,,,,,,,,,,,,,,,,,,,,,,,,,,,,,,,,,,,,,,,,,,,,,,,,,,,,,,,,,,,,,,,,,,,,,,,,,,,,,,,,,,,,,,,,,,,,,,,,,,,,,,,,,,,,,,,,,,,,,,,,,,,,,,,,,,,,,,,,
Sentiment Origin Labels,1,1,1,1,1,1,1,1,1,1,1,1,1,1,1,1,1,1,1,1,1,1,1,1,2,3,3,3,3,3,3,3,3,3,3,1,1,1,1,2,3,3,3,3,3,3,3,3,3,3,3,1,1,1,1,1,1,1,1,1,2,2,2,3,3,3,3,3,,,,,,,,,,,,,,,,,,,,,,,,,,,,,,,,,,,,,,,,,,,,,,,,,,,,,,,,,,,,,,,,,,,,,,,,,,,,,,,,,,,,,,,,,,,,,,,,,,,,,,,,,,,,,,,,,,,,,,,,,,,,,,,,,,,,,,,,,,,,,,,,,,,,,,,,,,,,,,
Sentiment Mapped Labels,O,O,O,O,O,O,O,O,O,O,O,O,O,O,O,O,O,O,O,O,O,O,O,O,B-긍정,I-긍정,I-긍정,I-긍정,I-긍정,I-긍정,I-긍정,I-긍정,I-긍정,I-긍정,I-긍정,O,O,O,O,B-긍정,I-긍정,I-긍정,I-긍정,I-긍정,I-긍정,I-긍정,I-긍정,I-긍정,I-긍정,I-긍정,I-긍정,O,O,O,O,O,O,O,O,O,B-긍정,B-긍정,B-긍정,I-긍정,I-긍정,I-긍정,I-긍정,I-긍정,,,,,,,,,,,,,,,,,,,,,,,,,,,,,,,,,,,,,,,,,,,,,,,,,,,,,,,,,,,,,,,,,,,,,,,,,,,,,,,,,,,,,,,,,,,,,,,,,,,,,,,,,,,,,,,,,,,,,,,,,,,,,,,,,,,,,,,,,,,,,,,,,,,,,,,,,,,,,,
Aspect2 Original Labels,1,1,1,1,1,1,1,1,1,1,1,1,1,1,1,1,1,1,1,1,1,1,1,1,8,9,9,9,9,9,9,9,9,9,9,1,1,1,1,10,11,11,11,10,10,11,11,11,11,11,11,1,1,1,1,1,1,1,1,1,2,2,2,3,3,3,3,3,,,,,,,,,,,,,,,,,,,,,,,,,,,,,,,,,,,,,,,,,,,,,,,,,,,,,,,,,,,,,,,,,,,,,,,,,,,,,,,,,,,,,,,,,,,,,,,,,,,,,,,,,,,,,,,,,,,,,,,,,,,,,,,,,,,,,,,,,,,,,,,,,,,,,,,,,,,,,,
Aspect2 Mapped Labels,O,O,O,O,O,O,O,O,O,O,O,O,O,O,O,O,O,O,O,O,O,O,O,O,B-효과/성능/기능,I-효과/성능/기능,I-효과/성능/기능,I-효과/성능/기능,I-효과/성능/기능,I-효과/성능/기능,I-효과/성능/기능,I-효과/성능/기능,I-효과/성능/기능,I-효과/성능/기능,I-효과/성능/기능,O,O,O,O,B-사용감/착용감,I-사용감/착용감,I-사용감/착용감,I-사용감/착용감,B-사용감/착용감,B-사용감/착용감,I-사용감/착용감,I-사용감/착용감,I-사용감/착용감,I-사용감/착용감,I-사용감/착용감,I-사용감/착용감,O,O,O,O,O,O,O,O,O,B-가격,B-가격,B-가격,I-가격,I-가격,I-가격,I-가격,I-가격,,,,,,,,,,,,,,,,,,,,,,,,,,,,,,,,,,,,,,,,,,,,,,,,,,,,,,,,,,,,,,,,,,,,,,,,,,,,,,,,,,,,,,,,,,,,,,,,,,,,,,,,,,,,,,,,,,,,,,,,,,,,,,,,,,,,,,,,,,,,,,,,,,,,,,,,,,,,,,
Tokenized Text,평소,##에,피부,##가,많이,건조,미스트,##를,많이,뿌린,##답니다,~,!,그러다,보,##니,수분,##만,##으로,채워,##진,##것,##보,##다,이렇게,유분,##기,있,##는,##게,좋,##더라,##구요,~,!,뿐,##만,아니,##라,이,제품,##은,자극,##적,##이지,않,##아,##서,좋아,##요,!,또,구매,##하,##도록,하,##겠,##습,##니다,!,저렴,##하,##게,잘,구매,##했,##어요,~,,,,,,,,,,,,,,,,,,,,,,,,,,,,,,,,,,,,,,,,,,,,,,,,,,,,,,,,,,,,,,,,,,,,,,,,,,,,,,,,,,,,,,,,,,,,,,,,,,,,,,,,,,,,,,,,,,,,,,,,,,,,,,,,,,,,,,,,,,,,,,,,,,,,,,,,,,,,,,
Sentiment Origin Labels,1,1,1,1,1,1,1,1,1,2,2,2,3,3,3,3,3,3,3,,,,,,,,,,,,,,,,,,,,,,,,,,,,,,,,,,,,,,,,,,,,,,,,,,,,,,,,,,,,,,,,,,,,,,,,,,,,,,,,,,,,,,,,,,,,,,,,,,,,,,,,,,,,,,,,,,,,,,,,,,,,,,,,,,,,,,,,,,,,,,,,,,,,,,,,,,,,,,,,,,,,,,,,,,,,,,,,,,,,,,,,,,,,,,,,,,,,,,,,,,,,,,,
Sentiment Mapped Labels,O,O,O,O,O,O,O,O,O,B-긍정,B-긍정,B-긍정,I-긍정,I-긍정,I-긍정,I-긍정,I-긍정,I-긍정,I-긍정,,,,,,,,,,,,,,,,,,,,,,,,,,,,,,,,,,,,,,,,,,,,,,,,,,,,,,,,,,,,,,,,,,,,,,,,,,,,,,,,,,,,,,,,,,,,,,,,,,,,,,,,,,,,,,,,,,,,,,,,,,,,,,,,,,,,,,,,,,,,,,,,,,,,,,,,,,,,,,,,,,,,,,,,,,,,,,,,,,,,,,,,,,,,,,,,,,,,,,,,,,,,,,,
Aspect2 Original Labels,1,1,1,1,1,1,1,1,1,8,8,8,9,9,9,9,9,9,9,,,,,,,,,,,,,,,,,,,,,,,,,,,,,,,,,,,,,,,,,,,,,,,,,,,,,,,,,,,,,,,,,,,,,,,,,,,,,,,,,,,,,,,,,,,,,,,,,,,,,,,,,,,,,,,,,,,,,,,,,,,,,,,,,,,,,,,,,,,,,,,,,,,,,,,,,,,,,,,,,,,,,,,,,,,,,,,,,,,,,,,,,,,,,,,,,,,,,,,,,,,,,,,
Aspect2 Mapped Labels,O,O,O,O,O,O,O,O,O,B-효과/성능/기능,B-효과/성능/기능,B-효과/성능/기능,I-효과/성능/기능,I-효과/성능/기능,I-효과/성능/기능,I-효과/성능/기능,I-효과/성능/기능,I-효과/성능/기능,I-효과/성능/기능,,,,,,,,,,,,,,,,,,,,,,,,,,,,,,,,,,,,,,,,,,,,,,,,,,,,,,,,,,,,,,,,,,,,,,,,,,,,,,,,,,,,,,,,,,,,,,,,,,,,,,,,,,,,,,,,,,,,,,,,,,,,,,,,,,,,,,,,,,,,,,,,,,,,,,,,,,,,,,,,,,,,,,,,,,,,,,,,,,,,,,,,,,,,,,,,,,,,,,,,,,,,,,,
Tokenized Text,토너,대신,사용,##해,##보,##려고,샀,##어요,!,물,##토,##너,보다,##는,보습,##력,##이,좋아,##요,,,,,,,,,,,,,,,,,,,,,,,,,,,,,,,,,,,,,,,,,,,,,,,,,,,,,,,,,,,,,,,,,,,,,,,,,,,,,,,,,,,,,,,,,,,,,,,,,,,,,,,,,,,,,,,,,,,,,,,,,,,,,,,,,,,,,,,,,,,,,,,,,,,,,,,,,,,,,,,,,,,,,,,,,,,,,,,,,,,,,,,,,,,,,,,,,,,,,,,,,,,,,,,
Sentiment Origin Labels,1,1,1,1,1,1,1,2,2,2,2,2,2,2,2,1,1,1,1,1,1,,,,,,,,,,,,,,,,,,,,,,,,,,,,,,,,,,,,,,,,,,,,,,,,,,,,,,,,,,,,,,,,,,,,,,,,,,,,,,,,,,,,,,,,,,,,,,,,,,,,,,,,,,,,,,,,,,,,,,,,,,,,,,,,,,,,,,,,,,,,,,,,,,,,,,,,,,,,,,,,,,,,,,,,,,,,,,,,,,,,,,,,,,,,,,,,,,,,,,,,,,,,,
Sentiment Mapped Labels,O,O,O,O,O,O,O,B-긍정,B-긍정,B-긍정,B-긍정,B-긍정,B-긍정,B-긍정,B-긍정,O,O,O,O,O,O,,,,,,,,,,,,,,,,,,,,,,,,,,,,,,,,,,,,,,,,,,,,,,,,,,,,,,,,,,,,,,,,,,,,,,,,,,,,,,,,,,,,,,,,,,,,,,,,,,,,,,,,,,,,,,,,,,,,,,,,,,,,,,,,,,,,,,,,,,,,,,,,,,,,,,,,,,,,,,,,,,,,,,,,,,,,,,,,,,,,,,,,,,,,,,,,,,,,,,,,,,,,,
Aspect2 Original Labels,1,1,1,1,1,1,1,12,12,12,12,12,12,12,12,1,1,1,1,1,1,,,,,,,,,,,,,,,,,,,,,,,,,,,,,,,,,,,,,,,,,,,,,,,,,,,,,,,,,,,,,,,,,,,,,,,,,,,,,,,,,,,,,,,,,,,,,,,,,,,,,,,,,,,,,,,,,,,,,,,,,,,,,,,,,,,,,,,,,,,,,,,,,,,,,,,,,,,,,,,,,,,,,,,,,,,,,,,,,,,,,,,,,,,,,,,,,,,,,,,,,,,,,
Aspect2 Mapped Labels,O,O,O,O,O,O,O,B-편의성/활용성,B-편의성/활용성,B-편의성/활용성,B-편의성/활용성,B-편의성/활용성,B-편의성/활용성,B-편의성/활용성,B-편의성/활용성,O,O,O,O,O,O,,,,,,,,,,,,,,,,,,,,,,,,,,,,,,,,,,,,,,,,,,,,,,,,,,,,,,,,,,,,,,,,,,,,,,,,,,,,,,,,,,,,,,,,,,,,,,,,,,,,,,,,,,,,,,,,,,,,,,,,,,,,,,,,,,,,,,,,,,,,,,,,,,,,,,,,,,,,,,,,,,,,,,,,,,,,,,,,,,,,,,,,,,,,,,,,,,,,,,,,,,,,,
Tokenized Text,겨울,##필,##수,달,##바,##세,##럼,자주,##할,##인,##부,##탁,##드,##려,##요,홈,##쇼핑,##보,##다,더더,##더,,,,,,,,,,,,,,,,,,,,,,,,,,,,,,,,,,,,,,,,,,,,,,,,,,,,,,,,,,,,,,,,,,,,,,,,,,,,,,,,,,,,,,,,,,,,,,,,,,,,,,,,,,,,,,,,,,,,,,,,,,,,,,,,,,,,,,,,,,,,,,,,,,,,,,,,,,,,,,,,,,,,,,,,,,,,,,,,,,,,,,,,,,,,,,,,,,,,,,,,,,,,,
Sentiment Origin Labels,1,1,1,1,1,1,1,1,1,1,1,1,1,1,1,1,1,1,1,1,1,1,1,1,2,2,2,3,3,3,3,3,3,3,3,3,3,3,3,3,3,3,1,1,1,1,1,1,1,1,1,1,1,1,1,1,1,1,1,1,1,1,1,1,1,1,1,1,1,1,1,1,1,1,1,1,1,1,1,1,1,1,1,1,1,1,1,1,4,4,5,5,5,5,5,5,5,5,5,5,5,5,5,5,5,5,5,4,4,4,5,5,5,5,5,5,1,1,1,1,1,1,1,1,1,1,1,1,1,1,1,1,1,1,1,1,1,1,2,2,3,3,3,3,3,3,3,3,3,3,3,3,3,6,6,7,7,7,7,7,7,7,7,7,7,7,7,7,7,7,7,7,7,7,7,,,,,,,,,,,,,,,,,,,,,,,,,,,,,,,,,,,,,,,,,,,,,,,,,,,
Sentiment Mapped Labels,O,O,O,O,O,O,O,O,O,O,O,O,O,O,O,O,O,O,O,O,O,O,O,O,B-긍정,B-긍정,B-긍정,I-긍정,I-긍정,I-긍정,I-긍정,I-긍정,I-긍정,I-긍정,I-긍정,I-긍정,I-긍정,I-긍정,I-긍정,I-긍정,I-긍정,I-긍정,O,O,O,O,O,O,O,O,O,O,O,O,O,O,O,O,O,O,O,O,O,O,O,O,O,O,O,O,O,O,O,O,O,O,O,O,O,O,O,O,O,O,O,O,O,O,B-부정,B-부정,I-부정,I-부정,I-부정,I-부정,I-부정,I-부정,I-부정,I-부정,I-부정,I-부정,I-부정,I-부정,I-부정,I-부정,I-부정,I-부정,I-부정,B-부정,B-부정,B-부정,I-부정,I-부정,I-부정,I-부정,I-부정,I-부정,O,O,O,O,O,O,O,O,O,O,O,O,O,O,O,O,O,O,O,O,O,O,B-긍정,B-긍정,I-긍정,I-긍정,I-긍정,I-긍정,I-긍정,I-긍정,I-긍정,I-긍정,I-긍정,I-긍정,I-긍정,I-긍정,I-긍정,B-중립,B-중립,I-중립,I-중립,I-중립,I-중립,I-중립,I-중립,I-중립,I-중립,I-중립,I-중립,I-중립,I-중립,I-중립,I-중립,I-중립,I-중립,I-중립,I-중립,I-중립,I-중립,,,,,,,,,,,,,,,,,,,,,,,,,,,,,,,,,,,,,,,,,,,,,,,,,,,
Aspect2 Original Labels,1,1,1,1,1,1,1,1,1,1,1,1,1,1,1,1,1,1,1,1,1,1,1,1,4,4,4,5,5,5,5,5,5,5,1,1,1,1,1,1,1,1,1,1,1,1,1,1,1,1,1,1,1,1,1,1,1,1,1,1,1,1,1,1,1,1,1,1,1,1,1,1,1,1,1,1,1,1,1,1,1,1,1,1,1,1,1,1,12,12,13,13,13,13,13,13,13,13,13,13,13,13,13,13,13,13,13,8,8,8,9,9,9,9,9,9,1,12,12,12,12,12,13,13,13,13,13,13,13,13,13,13,13,13,13,13,13,1,8,8,9,9,9,9,9,9,9,9,9,9,9,9,9,8,8,9,9,9,9,9,9,9,9,9,9,9,9,9,9,9,9,9,9,9,9,,,,,,,,,,,,,,,,,,,,,,,,,,,,,,,,,,,,,,,,,,,,,,,,,,,
Aspect2 Mapped Labels,O,O,O,O,O,O,O,O,O,O,O,O,O,O,O,O,O,O,O,O,O,O,O,O,B-품질/디자인/구성,B-품질/디자인/구성,B-품질/디자인/구성,I-품질/디자인/구성,I-품질/디자인/구성,I-품질/디자인/구성,I-품질/디자인/구성,I-품질/디자인/구성,I-품질/디자인/구성,I-품질/디자인/구성,O,O,O,O,O,O,O,O,O,O,O,O,O,O,O,O,O,O,O,O,O,O,O,O,O,O,O,O,O,O,O,O,O,O,O,O,O,O,O,O,O,O,O,O,O,O,O,O,O,O,O,O,O,O,B-편의성/활용성,B-편의성/활용성,I-편의성/활용성,I-편의성/활용성,I-편의성/활용성,I-편의성/활용성,I-편의성/활용성,I-편의성/활용성,I-편의성/활용성,I-편의성/활용성,I-편의성/활용성,I-편의성/활용성,I-편의성/활용성,I-편의성/활용성,I-편의성/활용성,I-편의성/활용성,I-편의성/활용성,I-편의성/활용성,I-편의성/활용성,B-효과/성능/기능,B-효과/성능/기능,B-효과/성능/기능,I-효과/성능/기능,I-효과/성능/기능,I-효과/성능/기능,I-효과/성능/기능,I-효과/성능/기능,I-효과/성능/기능,O,B-편의성/활용성,B-편의성/활용성,B-편의성/활용성,B-편의성/활용성,B-편의성/활용성,I-편의성/활용성,I-편의성/활용성,I-편의성/활용성,I-편의성/활용성,I-편의성/활용성,I-편의성/활용성,I-편의성/활용성,I-편의성/활용성,I-편의성/활용성,I-편의성/활용성,I-편의성/활용성,I-편의성/활용성,I-편의성/활용성,I-편의성/활용성,I-편의성/활용성,O,B-효과/성능/기능,B-효과/성능/기능,I-효과/성능/기능,I-효과/성능/기능,I-효과/성능/기능,I-효과/성능/기능,I-효과/성능/기능,I-효과/성능/기능,I-효과/성능/기능,I-효과/성능/기능,I-효과/성능/기능,I-효과/성능/기능,I-효과/성능/기능,I-효과/성능/기능,I-효과/성능/기능,B-효과/성능/기능,B-효과/성능/기능,I-효과/성능/기능,I-효과/성능/기능,I-효과/성능/기능,I-효과/성능/기능,I-효과/성능/기능,I-효과/성능/기능,I-효과/성능/기능,I-효과/성능/기능,I-효과/성능/기능,I-효과/성능/기능,I-효과/성능/기능,I-효과/성능/기능,I-효과/성능/기능,I-효과/성능/기능,I-효과/성능/기능,I-효과/성능/기능,I-효과/성능/기능,I-효과/성능/기능,I-효과/성능/기능,I-효과/성능/기능,,,,,,,,,,,,,,,,,,,,,,,,,,,,,,,,,,,,,,,,,,,,,,,,,,,
Tokenized Text,스킨,##을,다,사용,##해서,구매,##하,##러,올리브,##영,##에,방문,##을,했어요,.,달,##바,미스트,##가,유명,##하,##다,##던,##데,1,+,1,기획,##세,##트,##가,있,##길,##래,저,##도,궁금,##해서,구매,##했,##어요,.,일단,후기,##를,보,##니,##깐,승무원,##들이,많이,사용,##한다,##고,해서,유명,##했,##었,##나,##봐,##요,.,저,##도,기대,##를,하고,1,##통,##을,다,사용,##해,##봤,##는데,유명,##하,##다고,꼭,좋,##은,것,##은,아니,##더라,##고,##요,.,사용,##할,때,##마다,오일,##층,##하고,섞여,##야,##해서,흔들,##어야,하,##는,것,##도,살짝,귀찮,##고,분사,##력,##이,생각,##보,##다,약해,##요,.,그래서,1,~,2,##번,##이,아니,##라,저,##는,대략,6,##번,이상,##은,얼굴,##에,뿌렸,##네,##요,.,일단,얼굴,##에,뿌리,##면,흡수,##는,빠르,##게,되,##는,편,##이,##에,##요,.,건조,##할,때,사용,##하,##다면,좋,##다,##던,##데,저,##한,##테,##는,그,##닥,평범,##했,##었,##네,##요,.,,,,,,,,,,,,,,,,,,,,,,,,,,,,,,,,,,,,,,,,,,,,,,,,,,,
Sentiment Origin Labels,1,1,1,1,1,2,2,3,3,3,3,2,2,2,3,3,3,3,3,2,3,3,3,3,2,2,2,3,3,3,3,3,3,1,1,1,1,1,1,1,1,1,1,1,1,1,1,1,1,1,1,1,1,,,,,,,,,,,,,,,,,,,,,,,,,,,,,,,,,,,,,,,,,,,,,,,,,,,,,,,,,,,,,,,,,,,,,,,,,,,,,,,,,,,,,,,,,,,,,,,,,,,,,,,,,,,,,,,,,,,,,,,,,,,,,,,,,,,,,,,,,,,,,,,,,,,,,,,,,,,,,,,,,,,,,,,,,,,,,
Sentiment Mapped Labels,O,O,O,O,O,B-긍정,B-긍정,I-긍정,I-긍정,I-긍정,I-긍정,B-긍정,B-긍정,B-긍정,I-긍정,I-긍정,I-긍정,I-긍정,I-긍정,B-긍정,I-긍정,I-긍정,I-긍정,I-긍정,B-긍정,B-긍정,B-긍정,I-긍정,I-긍정,I-긍정,I-긍정,I-긍정,I-긍정,O,O,O,O,O,O,O,O,O,O,O,O,O,O,O,O,O,O,O,O,,,,,,,,,,,,,,,,,,,,,,,,,,,,,,,,,,,,,,,,,,,,,,,,,,,,,,,,,,,,,,,,,,,,,,,,,,,,,,,,,,,,,,,,,,,,,,,,,,,,,,,,,,,,,,,,,,,,,,,,,,,,,,,,,,,,,,,,,,,,,,,,,,,,,,,,,,,,,,,,,,,,,,,,,,,,,
Aspect2 Original Labels,1,1,1,1,1,10,10,11,11,11,11,12,12,12,13,13,13,13,13,8,9,9,9,9,4,4,4,5,5,5,5,5,5,2,2,2,1,1,1,1,1,1,1,1,1,1,1,1,1,1,1,1,1,,,,,,,,,,,,,,,,,,,,,,,,,,,,,,,,,,,,,,,,,,,,,,,,,,,,,,,,,,,,,,,,,,,,,,,,,,,,,,,,,,,,,,,,,,,,,,,,,,,,,,,,,,,,,,,,,,,,,,,,,,,,,,,,,,,,,,,,,,,,,,,,,,,,,,,,,,,,,,,,,,,,,,,,,,,,,
Aspect2 Mapped Labels,O,O,O,O,O,B-사용감/착용감,B-사용감/착용감,I-사용감/착용감,I-사용감/착용감,I-사용감/착용감,I-사용감/착용감,B-편의성/활용성,B-편의성/활용성,B-편의성/활용성,I-편의성/활용성,I-편의성/활용성,I-편의성/활용성,I-편의성/활용성,I-편의성/활용성,B-효과/성능/기능,I-효과/성능/기능,I-효과/성능/기능,I-효과/성능/기능,I-효과/성능/기능,B-품질/디자인/구성,B-품질/디자인/구성,B-품질/디자인/구성,I-품질/디자인/구성,I-품질/디자인/구성,I-품질/디자인/구성,I-품질/디자인/구성,I-품질/디자인/구성,I-품질/디자인/구성,B-가격,B-가격,B-가격,O,O,O,O,O,O,O,O,O,O,O,O,O,O,O,O,O,,,,,,,,,,,,,,,,,,,,,,,,,,,,,,,,,,,,,,,,,,,,,,,,,,,,,,,,,,,,,,,,,,,,,,,,,,,,,,,,,,,,,,,,,,,,,,,,,,,,,,,,,,,,,,,,,,,,,,,,,,,,,,,,,,,,,,,,,,,,,,,,,,,,,,,,,,,,,,,,,,,,,,,,,,,,,
Tokenized Text,처음,사용,##해,봤,##는데,순하,##고,좋아,##요,~,~,건조,##할,##때,미스트,##처럼,사용,##하,##는데,금방,촉촉,##해,##지,##고,광,##이나,##는,느낌,##이,##에,##요,~,~,할인,##할,##때,무조건,쟁,##여,##놔,##야,##겠,##어요,~,또,할인,해,##주,##세요,~,!,!,!,,,,,,,,,,,,,,,,,,,,,,,,,,,,,,,,,,,,,,,,,,,,,,,,,,,,,,,,,,,,,,,,,,,,,,,,,,,,,,,,,,,,,,,,,,,,,,,,,,,,,,,,,,,,,,,,,,,,,,,,,,,,,,,,,,,,,,,,,,,,,,,,,,,,,,,,,,,,,,,,,,,,,,,,,,,,,
Sentiment Origin Labels,2,2,2,3,3,2,2,3,3,3,3,3,3,1,1,1,1,1,1,1,1,1,1,1,1,1,1,1,1,1,1,1,1,1,1,1,1,,,,,,,,,,,,,,,,,,,,,,,,,,,,,,,,,,,,,,,,,,,,,,,,,,,,,,,,,,,,,,,,,,,,,,,,,,,,,,,,,,,,,,,,,,,,,,,,,,,,,,,,,,,,,,,,,,,,,,,,,,,,,,,,,,,,,,,,,,,,,,,,,,,,,,,,,,,,,,,,,,,,,,,,,,,,,,,,,,,,,,,,,,,,,
Sentiment Mapped Labels,B-긍정,B-긍정,B-긍정,I-긍정,I-긍정,B-긍정,B-긍정,I-긍정,I-긍정,I-긍정,I-긍정,I-긍정,I-긍정,O,O,O,O,O,O,O,O,O,O,O,O,O,O,O,O,O,O,O,O,O,O,O,O,,,,,,,,,,,,,,,,,,,,,,,,,,,,,,,,,,,,,,,,,,,,,,,,,,,,,,,,,,,,,,,,,,,,,,,,,,,,,,,,,,,,,,,,,,,,,,,,,,,,,,,,,,,,,,,,,,,,,,,,,,,,,,,,,,,,,,,,,,,,,,,,,,,,,,,,,,,,,,,,,,,,,,,,,,,,,,,,,,,,,,,,,,,,,
Aspect2 Original Labels,10,10,10,11,11,8,8,9,9,9,9,9,9,1,1,1,1,1,1,1,1,1,1,1,1,1,1,1,1,1,1,1,1,1,1,1,1,,,,,,,,,,,,,,,,,,,,,,,,,,,,,,,,,,,,,,,,,,,,,,,,,,,,,,,,,,,,,,,,,,,,,,,,,,,,,,,,,,,,,,,,,,,,,,,,,,,,,,,,,,,,,,,,,,,,,,,,,,,,,,,,,,,,,,,,,,,,,,,,,,,,,,,,,,,,,,,,,,,,,,,,,,,,,,,,,,,,,,,,,,,,,
Aspect2 Mapped Labels,B-사용감/착용감,B-사용감/착용감,B-사용감/착용감,I-사용감/착용감,I-사용감/착용감,B-효과/성능/기능,B-효과/성능/기능,I-효과/성능/기능,I-효과/성능/기능,I-효과/성능/기능,I-효과/성능/기능,I-효과/성능/기능,I-효과/성능/기능,O,O,O,O,O,O,O,O,O,O,O,O,O,O,O,O,O,O,O,O,O,O,O,O,,,,,,,,,,,,,,,,,,,,,,,,,,,,,,,,,,,,,,,,,,,,,,,,,,,,,,,,,,,,,,,,,,,,,,,,,,,,,,,,,,,,,,,,,,,,,,,,,,,,,,,,,,,,,,,,,,,,,,,,,,,,,,,,,,,,,,,,,,,,,,,,,,,,,,,,,,,,,,,,,,,,,,,,,,,,,,,,,,,,,,,,,,,,,
Tokenized Text,자극,##적,##이지,않,##고,보습,##에도,괜찮,##고,좋아,##용,!,ㅎㅎ,감사,##합니다,~,!,ㅎㅎ,기획,##세,##트라,##서,더,괜찮,##고,좋,##았,##던,것,같,##습,##니당,감사,##합니다,~,!,ㅎㅎ,,,,,,,,,,,,,,,,,,,,,,,,,,,,,,,,,,,,,,,,,,,,,,,,,,,,,,,,,,,,,,,,,,,,,,,,,,,,,,,,,,,,,,,,,,,,,,,,,,,,,,,,,,,,,,,,,,,,,,,,,,,,,,,,,,,,,,,,,,,,,,,,,,,,,,,,,,,,,,,,,,,,,,,,,,,,,,,,,,,,,,,,,,,,,
Sentiment Origin Labels,2,2,2,3,3,3,3,3,3,2,2,3,3,1,1,1,1,1,1,,,,,,,,,,,,,,,,,,,,,,,,,,,,,,,,,,,,,,,,,,,,,,,,,,,,,,,,,,,,,,,,,,,,,,,,,,,,,,,,,,,,,,,,,,,,,,,,,,,,,,,,,,,,,,,,,,,,,,,,,,,,,,,,,,,,,,,,,,,,,,,,,,,,,,,,,,,,,,,,,,,,,,,,,,,,,,,,,,,,,,,,,,,,,,,,,,,,,,,,,,,,,,,
Sentiment Mapped Labels,B-긍정,B-긍정,B-긍정,I-긍정,I-긍정,I-긍정,I-긍정,I-긍정,I-긍정,B-긍정,B-긍정,I-긍정,I-긍정,O,O,O,O,O,O,,,,,,,,,,,,,,,,,,,,,,,,,,,,,,,,,,,,,,,,,,,,,,,,,,,,,,,,,,,,,,,,,,,,,,,,,,,,,,,,,,,,,,,,,,,,,,,,,,,,,,,,,,,,,,,,,,,,,,,,,,,,,,,,,,,,,,,,,,,,,,,,,,,,,,,,,,,,,,,,,,,,,,,,,,,,,,,,,,,,,,,,,,,,,,,,,,,,,,,,,,,,,,,
Aspect2 Original Labels,10,10,10,11,11,11,11,11,11,8,8,9,9,1,1,1,1,1,1,,,,,,,,,,,,,,,,,,,,,,,,,,,,,,,,,,,,,,,,,,,,,,,,,,,,,,,,,,,,,,,,,,,,,,,,,,,,,,,,,,,,,,,,,,,,,,,,,,,,,,,,,,,,,,,,,,,,,,,,,,,,,,,,,,,,,,,,,,,,,,,,,,,,,,,,,,,,,,,,,,,,,,,,,,,,,,,,,,,,,,,,,,,,,,,,,,,,,,,,,,,,,,,
Aspect2 Mapped Labels,B-사용감/착용감,B-사용감/착용감,B-사용감/착용감,I-사용감/착용감,I-사용감/착용감,I-사용감/착용감,I-사용감/착용감,I-사용감/착용감,I-사용감/착용감,B-효과/성능/기능,B-효과/성능/기능,I-효과/성능/기능,I-효과/성능/기능,O,O,O,O,O,O,,,,,,,,,,,,,,,,,,,,,,,,,,,,,,,,,,,,,,,,,,,,,,,,,,,,,,,,,,,,,,,,,,,,,,,,,,,,,,,,,,,,,,,,,,,,,,,,,,,,,,,,,,,,,,,,,,,,,,,,,,,,,,,,,,,,,,,,,,,,,,,,,,,,,,,,,,,,,,,,,,,,,,,,,,,,,,,,,,,,,,,,,,,,,,,,,,,,,,,,,,,,,,,
Tokenized Text,건성,##인,##데,되게,쓰,##기,좋,##네,##요,보습,##효과,짱,##입니다,너무,좋아,##요,~,~,~,,,,,,,,,,,,,,,,,,,,,,,,,,,,,,,,,,,,,,,,,,,,,,,,,,,,,,,,,,,,,,,,,,,,,,,,,,,,,,,,,,,,,,,,,,,,,,,,,,,,,,,,,,,,,,,,,,,,,,,,,,,,,,,,,,,,,,,,,,,,,,,,,,,,,,,,,,,,,,,,,,,,,,,,,,,,,,,,,,,,,,,,,,,,,,,,,,,,,,,,,,,,,,,
Sentiment Origin Labels,1,1,1,1,1,1,1,1,1,1,1,1,1,1,1,1,1,1,1,1,1,1,1,1,1,1,1,1,1,1,1,2,2,2,3,3,3,3,3,3,3,3,3,3,3,3,3,3,1,1,1,1,1,1,1,1,1,1,1,1,1,1,1,1,1,1,1,2,2,2,2,2,3,3,3,3,3,3,3,3,3,3,1,1,1,1,1,1,1,1,1,1,1,1,1,1,1,1,1,1,1,1,1,2,3,3,3,3,2,2,3,3,3,3,3,3,3,3,3,,,,,,,,,,,,,,,,,,,,,,,,,,,,,,,,,,,,,,,,,,,,,,,,,,,,,,,,,,,,,,,,,,,,,,,,,,,,,,,,,,,,,,,,,,,,,,,,,,,,,,,,,,,
Sentiment Mapped Labels,O,O,O,O,O,O,O,O,O,O,O,O,O,O,O,O,O,O,O,O,O,O,O,O,O,O,O,O,O,O,O,B-긍정,B-긍정,B-긍정,I-긍정,I-긍정,I-긍정,I-긍정,I-긍정,I-긍정,I-긍정,I-긍정,I-긍정,I-긍정,I-긍정,I-긍정,I-긍정,I-긍정,O,O,O,O,O,O,O,O,O,O,O,O,O,O,O,O,O,O,O,B-긍정,B-긍정,B-긍정,B-긍정,B-긍정,I-긍정,I-긍정,I-긍정,I-긍정,I-긍정,I-긍정,I-긍정,I-긍정,I-긍정,I-긍정,O,O,O,O,O,O,O,O,O,O,O,O,O,O,O,O,O,O,O,O,O,B-긍정,I-긍정,I-긍정,I-긍정,I-긍정,B-긍정,B-긍정,I-긍정,I-긍정,I-긍정,I-긍정,I-긍정,I-긍정,I-긍정,I-긍정,I-긍정,,,,,,,,,,,,,,,,,,,,,,,,,,,,,,,,,,,,,,,,,,,,,,,,,,,,,,,,,,,,,,,,,,,,,,,,,,,,,,,,,,,,,,,,,,,,,,,,,,,,,,,,,,,
Aspect2 Original Labels,1,1,1,1,1,1,1,1,1,1,1,1,1,1,1,1,1,1,1,1,1,1,1,1,1,1,1,1,1,1,1,4,4,4,5,5,5,5,5,5,5,5,5,5,5,5,5,5,1,1,1,1,1,1,1,1,1,1,1,1,1,1,1,1,1,1,1,1,1,1,1,1,1,1,1,1,1,1,1,1,1,1,1,1,1,1,1,1,1,1,1,1,13,13,13,13,13,13,13,13,13,13,8,8,8,8,8,8,8,8,9,9,9,9,9,9,9,9,9,,,,,,,,,,,,,,,,,,,,,,,,,,,,,,,,,,,,,,,,,,,,,,,,,,,,,,,,,,,,,,,,,,,,,,,,,,,,,,,,,,,,,,,,,,,,,,,,,,,,,,,,,,,
Aspect2 Mapped Labels,O,O,O,O,O,O,O,O,O,O,O,O,O,O,O,O,O,O,O,O,O,O,O,O,O,O,O,O,O,O,O,B-품질/디자인/구성,B-품질/디자인/구성,B-품질/디자인/구성,I-품질/디자인/구성,I-품질/디자인/구성,I-품질/디자인/구성,I-품질/디자인/구성,I-품질/디자인/구성,I-품질/디자인/구성,I-품질/디자인/구성,I-품질/디자인/구성,I-품질/디자인/구성,I-품질/디자인/구성,I-품질/디자인/구성,I-품질/디자인/구성,I-품질/디자인/구성,I-품질/디자인/구성,O,O,O,O,O,O,O,O,O,O,O,O,O,O,O,O,O,O,O,O,O,O,O,O,O,O,O,O,O,O,O,O,O,O,O,O,O,O,O,O,O,O,O,O,I-편의성/활용성,I-편의성/활용성,I-편의성/활용성,I-편의성/활용성,I-편의성/활용성,I-편의성/활용성,I-편의성/활용성,I-편의성/활용성,I-편의성/활용성,I-편의성/활용성,B-효과/성능/기능,B-효과/성능/기능,B-효과/성능/기능,B-효과/성능/기능,B-효과/성능/기능,B-효과/성능/기능,B-효과/성능/기능,B-효과/성능/기능,I-효과/성능/기능,I-효과/성능/기능,I-효과/성능/기능,I-효과/성능/기능,I-효과/성능/기능,I-효과/성능/기능,I-효과/성능/기능,I-효과/성능/기능,I-효과/성능/기능,,,,,,,,,,,,,,,,,,,,,,,,,,,,,,,,,,,,,,,,,,,,,,,,,,,,,,,,,,,,,,,,,,,,,,,,,,,,,,,,,,,,,,,,,,,,,,,,,,,,,,,,,,,
Tokenized Text,이효리,##가,선전,##하,##는,달,##바,##미스,##트,##네,##요,!,홈,##쇼핑,##에서,나올,##때,사고,##싶,##었,##는데,대량,구성,##은,또,자신,##없,##어,##서,기다렸,##더니,올,##립,##에서,1,+,1,기획,##패,내,##줘,##서,냉,##큼,구매,##했,##어요,.,한,##달,##차,##인,##데,지금,이미지,##만큼,남,##았,##고,한,##병,##은,새,##거,그대로,##있,##어요,두,##병,##이,##니,##깐,약,3,##개,##월,쓸,##거,##같,##아,##요,.,저,##는,화장실,##에다,##가,두고,세안,##하고,##나,##서,수건,##으로,물기,##닦,##고,바로,칙칙,뿌려,##줘,##요,그럼,한동안,촉촉,##해,##요,.,세아,##하고,땡기,##는,느낌,##이,없,##어져,##서,좋아,##요,,,,,,,,,,,,,,,,,,,,,,,,,,,,,,,,,,,,,,,,,,,,,,,,,,,,,,,,,,,,,,,,,,,,,,,,,,,,,,,,,,,,,,,,,,,,,,,,,,,,,,,,,,,
Sentiment Origin Labels,2,2,3,3,2,2,3,3,3,3,4,4,4,5,5,5,5,5,5,,,,,,,,,,,,,,,,,,,,,,,,,,,,,,,,,,,,,,,,,,,,,,,,,,,,,,,,,,,,,,,,,,,,,,,,,,,,,,,,,,,,,,,,,,,,,,,,,,,,,,,,,,,,,,,,,,,,,,,,,,,,,,,,,,,,,,,,,,,,,,,,,,,,,,,,,,,,,,,,,,,,,,,,,,,,,,,,,,,,,,,,,,,,,,,,,,,,,,,,,,,,,,,
Sentiment Mapped Labels,B-긍정,B-긍정,I-긍정,I-긍정,B-긍정,B-긍정,I-긍정,I-긍정,I-긍정,I-긍정,B-부정,B-부정,B-부정,I-부정,I-부정,I-부정,I-부정,I-부정,I-부정,,,,,,,,,,,,,,,,,,,,,,,,,,,,,,,,,,,,,,,,,,,,,,,,,,,,,,,,,,,,,,,,,,,,,,,,,,,,,,,,,,,,,,,,,,,,,,,,,,,,,,,,,,,,,,,,,,,,,,,,,,,,,,,,,,,,,,,,,,,,,,,,,,,,,,,,,,,,,,,,,,,,,,,,,,,,,,,,,,,,,,,,,,,,,,,,,,,,,,,,,,,,,,,
Aspect2 Original Labels,10,10,11,11,12,12,13,13,13,13,12,12,12,13,13,13,13,13,13,,,,,,,,,,,,,,,,,,,,,,,,,,,,,,,,,,,,,,,,,,,,,,,,,,,,,,,,,,,,,,,,,,,,,,,,,,,,,,,,,,,,,,,,,,,,,,,,,,,,,,,,,,,,,,,,,,,,,,,,,,,,,,,,,,,,,,,,,,,,,,,,,,,,,,,,,,,,,,,,,,,,,,,,,,,,,,,,,,,,,,,,,,,,,,,,,,,,,,,,,,,,,,,
Aspect2 Mapped Labels,B-사용감/착용감,B-사용감/착용감,I-사용감/착용감,I-사용감/착용감,B-편의성/활용성,B-편의성/활용성,I-편의성/활용성,I-편의성/활용성,I-편의성/활용성,I-편의성/활용성,B-편의성/활용성,B-편의성/활용성,B-편의성/활용성,I-편의성/활용성,I-편의성/활용성,I-편의성/활용성,I-편의성/활용성,I-편의성/활용성,I-편의성/활용성,,,,,,,,,,,,,,,,,,,,,,,,,,,,,,,,,,,,,,,,,,,,,,,,,,,,,,,,,,,,,,,,,,,,,,,,,,,,,,,,,,,,,,,,,,,,,,,,,,,,,,,,,,,,,,,,,,,,,,,,,,,,,,,,,,,,,,,,,,,,,,,,,,,,,,,,,,,,,,,,,,,,,,,,,,,,,,,,,,,,,,,,,,,,,,,,,,,,,,,,,,,,,,,
Tokenized Text,냄새,##도,좋,##고,뿌리,##기,편해,##서,좋아,##요,쓸,##때,##마다,흔드,##는,##건,귀찮,##아,##요,,,,,,,,,,,,,,,,,,,,,,,,,,,,,,,,,,,,,,,,,,,,,,,,,,,,,,,,,,,,,,,,,,,,,,,,,,,,,,,,,,,,,,,,,,,,,,,,,,,,,,,,,,,,,,,,,,,,,,,,,,,,,,,,,,,,,,,,,,,,,,,,,,,,,,,,,,,,,,,,,,,,,,,,,,,,,,,,,,,,,,,,,,,,,,,,,,,,,,,,,,,,,,,
Sentiment Origin Labels,2,2,2,3,3,3,3,3,3,3,2,2,3,3,3,3,3,3,2,3,3,3,3,3,3,3,3,1,1,,,,,,,,,,,,,,,,,,,,,,,,,,,,,,,,,,,,,,,,,,,,,,,,,,,,,,,,,,,,,,,,,,,,,,,,,,,,,,,,,,,,,,,,,,,,,,,,,,,,,,,,,,,,,,,,,,,,,,,,,,,,,,,,,,,,,,,,,,,,,,,,,,,,,,,,,,,,,,,,,,,,,,,,,,,,,,,,,,,,,,,,,,,,,,,,,,,,,
Sentiment Mapped Labels,B-긍정,B-긍정,B-긍정,I-긍정,I-긍정,I-긍정,I-긍정,I-긍정,I-긍정,I-긍정,B-긍정,B-긍정,I-긍정,I-긍정,I-긍정,I-긍정,I-긍정,I-긍정,B-긍정,I-긍정,I-긍정,I-긍정,I-긍정,I-긍정,I-긍정,I-긍정,I-긍정,O,O,,,,,,,,,,,,,,,,,,,,,,,,,,,,,,,,,,,,,,,,,,,,,,,,,,,,,,,,,,,,,,,,,,,,,,,,,,,,,,,,,,,,,,,,,,,,,,,,,,,,,,,,,,,,,,,,,,,,,,,,,,,,,,,,,,,,,,,,,,,,,,,,,,,,,,,,,,,,,,,,,,,,,,,,,,,,,,,,,,,,,,,,,,,,,,,,,,,,,
Aspect2 Original Labels,8,8,8,9,9,9,9,9,9,9,4,4,5,5,5,5,5,5,5,5,5,5,5,5,5,5,5,1,1,,,,,,,,,,,,,,,,,,,,,,,,,,,,,,,,,,,,,,,,,,,,,,,,,,,,,,,,,,,,,,,,,,,,,,,,,,,,,,,,,,,,,,,,,,,,,,,,,,,,,,,,,,,,,,,,,,,,,,,,,,,,,,,,,,,,,,,,,,,,,,,,,,,,,,,,,,,,,,,,,,,,,,,,,,,,,,,,,,,,,,,,,,,,,,,,,,,,,
Aspect2 Mapped Labels,B-효과/성능/기능,B-효과/성능/기능,B-효과/성능/기능,I-효과/성능/기능,I-효과/성능/기능,I-효과/성능/기능,I-효과/성능/기능,I-효과/성능/기능,I-효과/성능/기능,I-효과/성능/기능,B-품질/디자인/구성,B-품질/디자인/구성,I-품질/디자인/구성,I-품질/디자인/구성,I-품질/디자인/구성,I-품질/디자인/구성,I-품질/디자인/구성,I-품질/디자인/구성,I-품질/디자인/구성,I-품질/디자인/구성,I-품질/디자인/구성,I-품질/디자인/구성,I-품질/디자인/구성,I-품질/디자인/구성,I-품질/디자인/구성,I-품질/디자인/구성,I-품질/디자인/구성,O,O,,,,,,,,,,,,,,,,,,,,,,,,,,,,,,,,,,,,,,,,,,,,,,,,,,,,,,,,,,,,,,,,,,,,,,,,,,,,,,,,,,,,,,,,,,,,,,,,,,,,,,,,,,,,,,,,,,,,,,,,,,,,,,,,,,,,,,,,,,,,,,,,,,,,,,,,,,,,,,,,,,,,,,,,,,,,,,,,,,,,,,,,,,,,,,,,,,,,,
Tokenized Text,겨울,##에,##는,꼭,필요,##한,아이템,##이,##네,##요,미스트,##가,너무,물,##같,##지,않,##고,너무,끈적,##이지,않,##는,적당,##하,##네,##요,하,##핫,,,,,,,,,,,,,,,,,,,,,,,,,,,,,,,,,,,,,,,,,,,,,,,,,,,,,,,,,,,,,,,,,,,,,,,,,,,,,,,,,,,,,,,,,,,,,,,,,,,,,,,,,,,,,,,,,,,,,,,,,,,,,,,,,,,,,,,,,,,,,,,,,,,,,,,,,,,,,,,,,,,,,,,,,,,,,,,,,,,,,,,,,,,,,,,,,,,,,
Sentiment Origin Labels,2,2,2,3,3,3,3,3,3,1,2,2,3,3,3,3,3,3,3,3,3,3,3,3,3,3,3,3,3,3,3,3,3,3,3,3,3,3,2,2,2,3,3,3,3,3,3,3,3,3,3,3,3,2,2,2,2,2,2,2,2,3,3,3,3,3,,,,,,,,,,,,,,,,,,,,,,,,,,,,,,,,,,,,,,,,,,,,,,,,,,,,,,,,,,,,,,,,,,,,,,,,,,,,,,,,,,,,,,,,,,,,,,,,,,,,,,,,,,,,,,,,,,,,,,,,,,,,,,,,,,,,,,,,,,,,,,,,,,,,,,,,,,,,,,,,
Sentiment Mapped Labels,B-긍정,B-긍정,B-긍정,I-긍정,I-긍정,I-긍정,I-긍정,I-긍정,I-긍정,O,B-긍정,B-긍정,I-긍정,I-긍정,I-긍정,I-긍정,I-긍정,I-긍정,I-긍정,I-긍정,I-긍정,I-긍정,I-긍정,I-긍정,I-긍정,I-긍정,I-긍정,I-긍정,I-긍정,I-긍정,I-긍정,I-긍정,I-긍정,I-긍정,I-긍정,I-긍정,I-긍정,I-긍정,B-긍정,B-긍정,B-긍정,I-긍정,I-긍정,I-긍정,I-긍정,I-긍정,I-긍정,I-긍정,I-긍정,I-긍정,I-긍정,I-긍정,I-긍정,B-긍정,B-긍정,B-긍정,B-긍정,B-긍정,B-긍정,B-긍정,B-긍정,I-긍정,I-긍정,I-긍정,I-긍정,I-긍정,,,,,,,,,,,,,,,,,,,,,,,,,,,,,,,,,,,,,,,,,,,,,,,,,,,,,,,,,,,,,,,,,,,,,,,,,,,,,,,,,,,,,,,,,,,,,,,,,,,,,,,,,,,,,,,,,,,,,,,,,,,,,,,,,,,,,,,,,,,,,,,,,,,,,,,,,,,,,,,,
Aspect2 Original Labels,4,4,4,5,5,5,5,5,5,1,8,8,9,9,10,11,11,11,11,11,11,11,11,11,11,11,11,11,11,11,11,11,11,11,11,11,11,11,10,10,10,11,11,9,9,9,9,9,9,9,9,9,9,10,10,10,10,8,8,8,8,9,9,9,9,9,,,,,,,,,,,,,,,,,,,,,,,,,,,,,,,,,,,,,,,,,,,,,,,,,,,,,,,,,,,,,,,,,,,,,,,,,,,,,,,,,,,,,,,,,,,,,,,,,,,,,,,,,,,,,,,,,,,,,,,,,,,,,,,,,,,,,,,,,,,,,,,,,,,,,,,,,,,,,,,,
Aspect2 Mapped Labels,B-품질/디자인/구성,B-품질/디자인/구성,B-품질/디자인/구성,I-품질/디자인/구성,I-품질/디자인/구성,I-품질/디자인/구성,I-품질/디자인/구성,I-품질/디자인/구성,I-품질/디자인/구성,O,B-효과/성능/기능,B-효과/성능/기능,I-효과/성능/기능,I-효과/성능/기능,B-사용감/착용감,I-사용감/착용감,I-사용감/착용감,I-사용감/착용감,I-사용감/착용감,I-사용감/착용감,I-사용감/착용감,I-사용감/착용감,I-사용감/착용감,I-사용감/착용감,I-사용감/착용감,I-사용감/착용감,I-사용감/착용감,I-사용감/착용감,I-사용감/착용감,I-사용감/착용감,I-사용감/착용감,I-사용감/착용감,I-사용감/착용감,I-사용감/착용감,I-사용감/착용감,I-사용감/착용감,I-사용감/착용감,I-사용감/착용감,B-사용감/착용감,B-사용감/착용감,B-사용감/착용감,I-사용감/착용감,I-사용감/착용감,I-효과/성능/기능,I-효과/성능/기능,I-효과/성능/기능,I-효과/성능/기능,I-효과/성능/기능,I-효과/성능/기능,I-효과/성능/기능,I-효과/성능/기능,I-효과/성능/기능,I-효과/성능/기능,B-사용감/착용감,B-사용감/착용감,B-사용감/착용감,B-사용감/착용감,B-효과/성능/기능,B-효과/성능/기능,B-효과/성능/기능,B-효과/성능/기능,I-효과/성능/기능,I-효과/성능/기능,I-효과/성능/기능,I-효과/성능/기능,I-효과/성능/기능,,,,,,,,,,,,,,,,,,,,,,,,,,,,,,,,,,,,,,,,,,,,,,,,,,,,,,,,,,,,,,,,,,,,,,,,,,,,,,,,,,,,,,,,,,,,,,,,,,,,,,,,,,,,,,,,,,,,,,,,,,,,,,,,,,,,,,,,,,,,,,,,,,,,,,,,,,,,,,,,
Tokenized Text,에센스,?,가,진하,##게,담겨,있,##어,##서,뭔가,유분,##기,폭발,##해서,트러블,나,##면,어쩌,##지,했,##는데,",",그런,##거,전,~,~,~,~,~,~,~,~,혀,없,##어요,!,!,건성,##인,##데,뿌리,##면,촉촉,##해,##지,##고,아주,좋,##습,##니다,!,!,기름기,##노,##노,!,물,##광,##피,##부,표현,##됩,##니다,~,!,,,,,,,,,,,,,,,,,,,,,,,,,,,,,,,,,,,,,,,,,,,,,,,,,,,,,,,,,,,,,,,,,,,,,,,,,,,,,,,,,,,,,,,,,,,,,,,,,,,,,,,,,,,,,,,,,,,,,,,,,,,,,,,,,,,,,,,,,,,,,,,,,,,,,,,,,,,,,,,,
Sentiment Origin Labels,4,4,5,5,5,4,5,5,5,5,5,5,5,2,3,3,3,3,3,3,3,3,3,3,3,1,1,1,1,1,1,1,1,1,1,1,1,,,,,,,,,,,,,,,,,,,,,,,,,,,,,,,,,,,,,,,,,,,,,,,,,,,,,,,,,,,,,,,,,,,,,,,,,,,,,,,,,,,,,,,,,,,,,,,,,,,,,,,,,,,,,,,,,,,,,,,,,,,,,,,,,,,,,,,,,,,,,,,,,,,,,,,,,,,,,,,,,,,,,,,,,,,,,,,,,,,,,,,,,,,,,
Sentiment Mapped Labels,B-부정,B-부정,I-부정,I-부정,I-부정,B-부정,I-부정,I-부정,I-부정,I-부정,I-부정,I-부정,I-부정,B-긍정,I-긍정,I-긍정,I-긍정,I-긍정,I-긍정,I-긍정,I-긍정,I-긍정,I-긍정,I-긍정,I-긍정,O,O,O,O,O,O,O,O,O,O,O,O,,,,,,,,,,,,,,,,,,,,,,,,,,,,,,,,,,,,,,,,,,,,,,,,,,,,,,,,,,,,,,,,,,,,,,,,,,,,,,,,,,,,,,,,,,,,,,,,,,,,,,,,,,,,,,,,,,,,,,,,,,,,,,,,,,,,,,,,,,,,,,,,,,,,,,,,,,,,,,,,,,,,,,,,,,,,,,,,,,,,,,,,,,,,,
Aspect2 Original Labels,10,10,11,11,11,10,11,11,11,11,11,11,11,8,9,9,9,9,9,9,9,9,9,9,9,12,12,13,13,13,13,13,13,13,13,13,13,,,,,,,,,,,,,,,,,,,,,,,,,,,,,,,,,,,,,,,,,,,,,,,,,,,,,,,,,,,,,,,,,,,,,,,,,,,,,,,,,,,,,,,,,,,,,,,,,,,,,,,,,,,,,,,,,,,,,,,,,,,,,,,,,,,,,,,,,,,,,,,,,,,,,,,,,,,,,,,,,,,,,,,,,,,,,,,,,,,,,,,,,,,,,
Aspect2 Mapped Labels,B-사용감/착용감,B-사용감/착용감,I-사용감/착용감,I-사용감/착용감,I-사용감/착용감,B-사용감/착용감,I-사용감/착용감,I-사용감/착용감,I-사용감/착용감,I-사용감/착용감,I-사용감/착용감,I-사용감/착용감,I-사용감/착용감,B-효과/성능/기능,I-효과/성능/기능,I-효과/성능/기능,I-효과/성능/기능,I-효과/성능/기능,I-효과/성능/기능,I-효과/성능/기능,I-효과/성능/기능,I-효과/성능/기능,I-효과/성능/기능,I-효과/성능/기능,I-효과/성능/기능,B-편의성/활용성,B-편의성/활용성,I-편의성/활용성,I-편의성/활용성,I-편의성/활용성,I-편의성/활용성,I-편의성/활용성,I-편의성/활용성,I-편의성/활용성,I-편의성/활용성,I-편의성/활용성,I-편의성/활용성,,,,,,,,,,,,,,,,,,,,,,,,,,,,,,,,,,,,,,,,,,,,,,,,,,,,,,,,,,,,,,,,,,,,,,,,,,,,,,,,,,,,,,,,,,,,,,,,,,,,,,,,,,,,,,,,,,,,,,,,,,,,,,,,,,,,,,,,,,,,,,,,,,,,,,,,,,,,,,,,,,,,,,,,,,,,,,,,,,,,,,,,,,,,,
Tokenized Text,향,##이,조금,강해,##서,가끔,눈,##이,따끔,##거리,##긴,하지만,ㅋㅋㅋ,이,촉촉,##함,##을,따라,##올,##자,##없,##네,##요,.,.,미스트,##는,달,##바,##만,사용,##하,##게,되,##는,##듯,.,,,,,,,,,,,,,,,,,,,,,,,,,,,,,,,,,,,,,,,,,,,,,,,,,,,,,,,,,,,,,,,,,,,,,,,,,,,,,,,,,,,,,,,,,,,,,,,,,,,,,,,,,,,,,,,,,,,,,,,,,,,,,,,,,,,,,,,,,,,,,,,,,,,,,,,,,,,,,,,,,,,,,,,,,,,,,,,,,,,,,,,,,,,,,
Sentiment Origin Labels,1,1,1,1,1,1,1,1,1,1,1,1,1,1,1,1,1,1,1,2,2,2,2,3,3,1,1,1,1,1,1,1,1,1,1,1,1,1,1,1,1,1,1,1,1,1,1,1,1,1,1,1,1,1,4,4,5,5,5,5,5,5,5,5,5,5,5,5,1,1,1,1,1,1,1,1,1,1,1,1,1,1,1,1,1,1,1,1,2,2,3,3,3,3,3,3,3,3,3,3,3,3,3,1,1,1,1,1,1,1,1,1,1,1,1,1,1,1,1,1,1,1,1,1,1,1,1,1,1,1,1,1,1,1,1,1,1,1,1,1,1,1,1,1,1,1,1,1,1,1,1,1,7,7,7,7,7,7,7,7,7,7,7,7,7,7,1,1,1,1,1,1,1,1,1,1,1,1,1,1,1,1,1,1,1,1,1,1,1,1,1,1,1,1,1,1,1,1,1,1,1,1,1,1,1,1,2,2,2,3,3,3,3,3,3,3,3,,,,,,,,,
Sentiment Mapped Labels,O,O,O,O,O,O,O,O,O,O,O,O,O,O,O,O,O,O,O,B-긍정,B-긍정,B-긍정,B-긍정,I-긍정,I-긍정,O,O,O,O,O,O,O,O,O,O,O,O,O,O,O,O,O,O,O,O,O,O,O,O,O,O,O,O,O,B-부정,B-부정,I-부정,I-부정,I-부정,I-부정,I-부정,I-부정,I-부정,I-부정,I-부정,I-부정,I-부정,I-부정,O,O,O,O,O,O,O,O,O,O,O,O,O,O,O,O,O,O,O,O,B-긍정,B-긍정,I-긍정,I-긍정,I-긍정,I-긍정,I-긍정,I-긍정,I-긍정,I-긍정,I-긍정,I-긍정,I-긍정,I-긍정,I-긍정,O,O,O,O,O,O,O,O,O,O,O,O,O,O,O,O,O,O,O,O,O,O,O,O,O,O,O,O,O,O,O,O,O,O,O,O,O,O,O,O,O,O,O,O,O,O,O,O,O,I-중립,I-중립,I-중립,I-중립,I-중립,I-중립,I-중립,I-중립,I-중립,I-중립,I-중립,I-중립,I-중립,I-중립,O,O,O,O,O,O,O,O,O,O,O,O,O,O,O,O,O,O,O,O,O,O,O,O,O,O,O,O,O,O,O,O,O,O,O,O,O,O,O,O,B-긍정,B-긍정,B-긍정,I-긍정,I-긍정,I-긍정,I-긍정,I-긍정,I-긍정,I-긍정,I-긍정,,,,,,,,,
Aspect2 Original Labels,1,1,1,1,1,1,1,1,1,1,1,1,1,1,1,1,1,1,1,4,4,4,4,5,5,5,1,1,1,1,1,1,1,1,1,1,1,1,1,1,1,1,1,1,1,1,1,1,1,1,1,1,1,1,1,1,1,1,1,1,1,1,1,1,1,1,1,1,1,1,1,1,1,1,1,1,1,1,1,1,1,1,1,1,1,1,1,1,8,8,9,9,9,9,9,9,9,9,9,9,9,9,9,12,13,13,13,13,13,13,13,13,13,13,13,13,13,13,13,1,1,1,1,1,1,1,1,1,1,1,1,1,1,1,1,1,1,1,1,1,1,1,1,1,1,1,1,1,1,1,1,1,1,1,1,1,1,1,1,1,1,1,1,1,1,1,1,1,1,1,1,1,1,1,1,1,1,1,1,1,1,1,1,1,1,1,1,1,1,1,1,1,1,1,1,1,1,1,1,1,1,1,1,1,1,1,8,8,8,9,9,9,9,9,9,9,9,,,,,,,,,
Aspect2 Mapped Labels,O,O,O,O,O,O,O,O,O,O,O,O,O,O,O,O,O,O,O,B-품질/디자인/구성,B-품질/디자인/구성,B-품질/디자인/구성,B-품질/디자인/구성,I-품질/디자인/구성,I-품질/디자인/구성,I-품질/디자인/구성,O,O,O,O,O,O,O,O,O,O,O,O,O,O,O,O,O,O,O,O,O,O,O,O,O,O,O,O,O,O,O,O,O,O,O,O,O,O,O,O,O,O,O,O,O,O,O,O,O,O,O,O,O,O,O,O,O,O,O,O,O,O,B-효과/성능/기능,B-효과/성능/기능,I-효과/성능/기능,I-효과/성능/기능,I-효과/성능/기능,I-효과/성능/기능,I-효과/성능/기능,I-효과/성능/기능,I-효과/성능/기능,I-효과/성능/기능,I-효과/성능/기능,I-효과/성능/기능,I-효과/성능/기능,I-효과/성능/기능,I-효과/성능/기능,B-편의성/활용성,I-편의성/활용성,I-편의성/활용성,I-편의성/활용성,I-편의성/활용성,I-편의성/활용성,I-편의성/활용성,I-편의성/활용성,I-편의성/활용성,I-편의성/활용성,I-편의성/활용성,I-편의성/활용성,I-편의성/활용성,I-편의성/활용성,I-편의성/활용성,I-편의성/활용성,O,O,O,O,O,O,O,O,O,O,O,O,O,O,O,O,O,O,O,O,O,O,O,O,O,O,O,O,O,O,O,O,O,O,O,O,O,O,O,O,O,O,O,O,O,O,O,O,O,O,O,O,O,O,O,O,O,O,O,O,O,O,O,O,O,O,O,O,O,O,O,O,O,O,O,O,O,O,O,O,O,O,O,O,O,O,O,B-효과/성능/기능,B-효과/성능/기능,B-효과/성능/기능,I-효과/성능/기능,I-효과/성능/기능,I-효과/성능/기능,I-효과/성능/기능,I-효과/성능/기능,I-효과/성능/기능,I-효과/성능/기능,I-효과/성능/기능,,,,,,,,,
Tokenized Text,샤워,##하고,나와서,칙칙,뿌리,##기,좋,##다고,##해서,친구,##도,하나,주고,저,##도,써,##보,##려고,1,+,1,##으로,구매,##했,##는데,",",역시,##나,.,.,미스트,##는,잘,안쓰,##게,되,##요,ㅜㅜ,차라리,손,##에,덜,##어,쓰,##는,토너,##를,쓰,##면,쓰,##는데,",",",",미스트,##는,아무래도,머리,##에도,묻,##고,ㅜ,공중,##에도,흩,##날리,##고,ㅜㅜ,스프레이,##라는,점,##만,빼,##면,",",내용물,(,?,),은,괜찮,##은,##것,같,##아,##요,.,미스트,##니까,흡수,##력,##은,더,좋,##을,##것,같,##긴,##하,##지만,.,.,잘,흔들,##어,##서,두,층,##을,잘,섞,##어,##서,사용,##하,##는데,",",가끔,흔들,##어,섞,##는,##걸,까먹,##을,때,##도,있,##다는,^,^,;,하하,머리,말리,##기,전,##에,",",드라이,##하,##는,시간,##에,얼굴,건조,##하,##지,말라,##고,뿌려,##두기,##에,##는,나쁘,##지,않,##은,##것,같,##아,##요,.,한,##달,##이,지났,##는데,",",아직,반,##절,##도,못,##써,##서,.,.,얼른,써야,##하,##는데,.,.,냉장,##보,##관,##하,##지,않,##아,##도,그냥,실,##온,##에,두고,써도,미스트,##이다,##보,##니,뿌리,##자,##마자,시원,##한,느낌,##이,있,##습,##니다,.,,,,,,,,,,,,,,
Sentiment Origin Labels,2,2,3,3,2,2,2,3,3,3,3,3,1,1,1,1,1,1,1,1,1,1,1,1,1,1,1,1,1,1,1,1,1,4,5,5,5,1,1,1,1,1,,,,,,,,,,,,,,,,,,,,,,,,,,,,,,,,,,,,,,,,,,,,,,,,,,,,,,,,,,,,,,,,,,,,,,,,,,,,,,,,,,,,,,,,,,,,,,,,,,,,,,,,,,,,,,,,,,,,,,,,,,,,,,,,,,,,,,,,,,,,,,,,,,,,,,,,,,,,,,,,,,,,,,,,,,,,,,,,,,,,,,,,
Sentiment Mapped Labels,B-긍정,B-긍정,I-긍정,I-긍정,B-긍정,B-긍정,B-긍정,I-긍정,I-긍정,I-긍정,I-긍정,I-긍정,O,O,O,O,O,O,O,O,O,O,O,O,O,O,O,O,O,O,O,O,O,B-부정,I-부정,I-부정,I-부정,O,O,O,O,O,,,,,,,,,,,,,,,,,,,,,,,,,,,,,,,,,,,,,,,,,,,,,,,,,,,,,,,,,,,,,,,,,,,,,,,,,,,,,,,,,,,,,,,,,,,,,,,,,,,,,,,,,,,,,,,,,,,,,,,,,,,,,,,,,,,,,,,,,,,,,,,,,,,,,,,,,,,,,,,,,,,,,,,,,,,,,,,,,,,,,,,,
Aspect2 Original Labels,10,10,11,11,8,8,8,9,9,9,9,9,1,1,1,1,1,1,1,1,1,1,1,1,1,1,1,1,1,1,1,1,1,8,9,9,9,1,1,1,1,1,,,,,,,,,,,,,,,,,,,,,,,,,,,,,,,,,,,,,,,,,,,,,,,,,,,,,,,,,,,,,,,,,,,,,,,,,,,,,,,,,,,,,,,,,,,,,,,,,,,,,,,,,,,,,,,,,,,,,,,,,,,,,,,,,,,,,,,,,,,,,,,,,,,,,,,,,,,,,,,,,,,,,,,,,,,,,,,,,,,,,,,,
Aspect2 Mapped Labels,B-사용감/착용감,B-사용감/착용감,I-사용감/착용감,I-사용감/착용감,B-효과/성능/기능,B-효과/성능/기능,B-효과/성능/기능,I-효과/성능/기능,I-효과/성능/기능,I-효과/성능/기능,I-효과/성능/기능,I-효과/성능/기능,O,O,O,O,O,O,O,O,O,O,O,O,O,O,O,O,O,O,O,O,O,B-효과/성능/기능,I-효과/성능/기능,I-효과/성능/기능,I-효과/성능/기능,O,O,O,O,O,,,,,,,,,,,,,,,,,,,,,,,,,,,,,,,,,,,,,,,,,,,,,,,,,,,,,,,,,,,,,,,,,,,,,,,,,,,,,,,,,,,,,,,,,,,,,,,,,,,,,,,,,,,,,,,,,,,,,,,,,,,,,,,,,,,,,,,,,,,,,,,,,,,,,,,,,,,,,,,,,,,,,,,,,,,,,,,,,,,,,,,,
Tokenized Text,사용,##감,좋,##고,건조,##되,##면,코팅,##되,##는,느낌,?,여름,##되,##기,##전,##에,다,써야,##겠,##어요,.,중학생,딸,##은,좋,##고,40,##대,##후,##반,엄마,##는,약간,건조,##합니다,.,잘,쓸,##께요,~,~,,,,,,,,,,,,,,,,,,,,,,,,,,,,,,,,,,,,,,,,,,,,,,,,,,,,,,,,,,,,,,,,,,,,,,,,,,,,,,,,,,,,,,,,,,,,,,,,,,,,,,,,,,,,,,,,,,,,,,,,,,,,,,,,,,,,,,,,,,,,,,,,,,,,,,,,,,,,,,,,,,,,,,,,,,,,,,,,,,,,,,,,
Sentiment Origin Labels,2,2,3,3,3,3,2,2,2,2,3,3,3,3,3,3,3,3,3,1,1,,,,,,,,,,,,,,,,,,,,,,,,,,,,,,,,,,,,,,,,,,,,,,,,,,,,,,,,,,,,,,,,,,,,,,,,,,,,,,,,,,,,,,,,,,,,,,,,,,,,,,,,,,,,,,,,,,,,,,,,,,,,,,,,,,,,,,,,,,,,,,,,,,,,,,,,,,,,,,,,,,,,,,,,,,,,,,,,,,,,,,,,,,,,,,,,,,,,,,,,,,,,,
Sentiment Mapped Labels,B-긍정,B-긍정,I-긍정,I-긍정,I-긍정,I-긍정,B-긍정,B-긍정,B-긍정,B-긍정,I-긍정,I-긍정,I-긍정,I-긍정,I-긍정,I-긍정,I-긍정,I-긍정,I-긍정,O,O,,,,,,,,,,,,,,,,,,,,,,,,,,,,,,,,,,,,,,,,,,,,,,,,,,,,,,,,,,,,,,,,,,,,,,,,,,,,,,,,,,,,,,,,,,,,,,,,,,,,,,,,,,,,,,,,,,,,,,,,,,,,,,,,,,,,,,,,,,,,,,,,,,,,,,,,,,,,,,,,,,,,,,,,,,,,,,,,,,,,,,,,,,,,,,,,,,,,,,,,,,,,,
Aspect2 Original Labels,4,4,5,5,5,5,12,12,12,12,13,13,13,13,13,13,13,13,13,1,1,,,,,,,,,,,,,,,,,,,,,,,,,,,,,,,,,,,,,,,,,,,,,,,,,,,,,,,,,,,,,,,,,,,,,,,,,,,,,,,,,,,,,,,,,,,,,,,,,,,,,,,,,,,,,,,,,,,,,,,,,,,,,,,,,,,,,,,,,,,,,,,,,,,,,,,,,,,,,,,,,,,,,,,,,,,,,,,,,,,,,,,,,,,,,,,,,,,,,,,,,,,,,
Aspect2 Mapped Labels,B-품질/디자인/구성,B-품질/디자인/구성,I-품질/디자인/구성,I-품질/디자인/구성,I-품질/디자인/구성,I-품질/디자인/구성,B-편의성/활용성,B-편의성/활용성,B-편의성/활용성,B-편의성/활용성,I-편의성/활용성,I-편의성/활용성,I-편의성/활용성,I-편의성/활용성,I-편의성/활용성,I-편의성/활용성,I-편의성/활용성,I-편의성/활용성,I-편의성/활용성,O,O,,,,,,,,,,,,,,,,,,,,,,,,,,,,,,,,,,,,,,,,,,,,,,,,,,,,,,,,,,,,,,,,,,,,,,,,,,,,,,,,,,,,,,,,,,,,,,,,,,,,,,,,,,,,,,,,,,,,,,,,,,,,,,,,,,,,,,,,,,,,,,,,,,,,,,,,,,,,,,,,,,,,,,,,,,,,,,,,,,,,,,,,,,,,,,,,,,,,,,,,,,,,,
Tokenized Text,예쁘,##게,광,##이,잘,나요,화장,##하고,##나,##서,막,뿌리,##기,좋,##은,것,같,##아,##요,좋아,##요,,,,,,,,,,,,,,,,,,,,,,,,,,,,,,,,,,,,,,,,,,,,,,,,,,,,,,,,,,,,,,,,,,,,,,,,,,,,,,,,,,,,,,,,,,,,,,,,,,,,,,,,,,,,,,,,,,,,,,,,,,,,,,,,,,,,,,,,,,,,,,,,,,,,,,,,,,,,,,,,,,,,,,,,,,,,,,,,,,,,,,,,,,,,,,,,,,,,,,,,,,,,,
Sentiment Origin Labels,1,1,1,1,1,1,1,1,1,1,1,1,1,1,1,1,1,1,1,1,1,1,1,1,1,1,1,1,1,1,1,1,1,1,1,1,1,1,1,1,1,1,1,1,2,2,2,2,2,2,2,3,3,3,3,,,,,,,,,,,,,,,,,,,,,,,,,,,,,,,,,,,,,,,,,,,,,,,,,,,,,,,,,,,,,,,,,,,,,,,,,,,,,,,,,,,,,,,,,,,,,,,,,,,,,,,,,,,,,,,,,,,,,,,,,,,,,,,,,,,,,,,,,,,,,,,,,,,,,,,,,,,,,,,,,,,,,,,,,,,
Sentiment Mapped Labels,O,O,O,O,O,O,O,O,O,O,O,O,O,O,O,O,O,O,O,O,O,O,O,O,O,O,O,O,O,O,O,O,O,O,O,O,O,O,O,O,O,O,O,O,B-긍정,B-긍정,B-긍정,B-긍정,B-긍정,B-긍정,B-긍정,I-긍정,I-긍정,I-긍정,I-긍정,,,,,,,,,,,,,,,,,,,,,,,,,,,,,,,,,,,,,,,,,,,,,,,,,,,,,,,,,,,,,,,,,,,,,,,,,,,,,,,,,,,,,,,,,,,,,,,,,,,,,,,,,,,,,,,,,,,,,,,,,,,,,,,,,,,,,,,,,,,,,,,,,,,,,,,,,,,,,,,,,,,,,,,,,,,
Aspect2 Original Labels,1,1,1,1,1,1,1,1,1,1,1,1,1,1,1,1,1,1,1,1,1,1,1,1,1,1,1,1,1,1,1,1,1,1,1,1,1,1,1,1,1,1,1,1,1,1,1,1,1,1,1,1,1,1,1,,,,,,,,,,,,,,,,,,,,,,,,,,,,,,,,,,,,,,,,,,,,,,,,,,,,,,,,,,,,,,,,,,,,,,,,,,,,,,,,,,,,,,,,,,,,,,,,,,,,,,,,,,,,,,,,,,,,,,,,,,,,,,,,,,,,,,,,,,,,,,,,,,,,,,,,,,,,,,,,,,,,,,,,,,,
Aspect2 Mapped Labels,O,O,O,O,O,O,O,O,O,O,O,O,O,O,O,O,O,O,O,O,O,O,O,O,O,O,O,O,O,O,O,O,O,O,O,O,O,O,O,O,O,O,O,O,O,O,O,O,O,O,O,O,O,O,O,,,,,,,,,,,,,,,,,,,,,,,,,,,,,,,,,,,,,,,,,,,,,,,,,,,,,,,,,,,,,,,,,,,,,,,,,,,,,,,,,,,,,,,,,,,,,,,,,,,,,,,,,,,,,,,,,,,,,,,,,,,,,,,,,,,,,,,,,,,,,,,,,,,,,,,,,,,,,,,,,,,,,,,,,,,
Tokenized Text,1,.,내,##가,이제,##품,##을,선택,##한,##이,##유,:,친구,##들,##의,추천,2,.,장점,:,사용,##할,##수록,만족감,##이,업,3,.,재,##구,##매,##여,##부,:,재,##구,##매,##할,##거,##에,##요,.,4,.,최종,##소,##감,:,만족,##스럽,##게,사용,##중,##입니다,.,,,,,,,,,,,,,,,,,,,,,,,,,,,,,,,,,,,,,,,,,,,,,,,,,,,,,,,,,,,,,,,,,,,,,,,,,,,,,,,,,,,,,,,,,,,,,,,,,,,,,,,,,,,,,,,,,,,,,,,,,,,,,,,,,,,,,,,,,,,,,,,,,,,,,,,,,,,,,,,,,,,,,,,,,,,
Sentiment Origin Labels,1,1,1,1,1,1,1,1,1,1,1,1,1,1,1,1,1,1,1,1,1,1,1,1,1,1,1,2,3,3,3,3,3,3,3,3,3,3,2,2,2,2,2,,,,,,,,,,,,,,,,,,,,,,,,,,,,,,,,,,,,,,,,,,,,,,,,,,,,,,,,,,,,,,,,,,,,,,,,,,,,,,,,,,,,,,,,,,,,,,,,,,,,,,,,,,,,,,,,,,,,,,,,,,,,,,,,,,,,,,,,,,,,,,,,,,,,,,,,,,,,,,,,,,,,,,,,,,,,,,,,,,,,,,,
Sentiment Mapped Labels,O,O,O,O,O,O,O,O,O,O,O,O,O,O,O,O,O,O,O,O,O,O,O,O,O,O,O,B-긍정,I-긍정,I-긍정,I-긍정,I-긍정,I-긍정,I-긍정,I-긍정,I-긍정,I-긍정,I-긍정,B-긍정,B-긍정,B-긍정,B-긍정,B-긍정,,,,,,,,,,,,,,,,,,,,,,,,,,,,,,,,,,,,,,,,,,,,,,,,,,,,,,,,,,,,,,,,,,,,,,,,,,,,,,,,,,,,,,,,,,,,,,,,,,,,,,,,,,,,,,,,,,,,,,,,,,,,,,,,,,,,,,,,,,,,,,,,,,,,,,,,,,,,,,,,,,,,,,,,,,,,,,,,,,,,,,,
Aspect2 Original Labels,1,1,1,1,1,1,1,1,1,1,1,1,1,1,1,1,1,1,1,1,1,1,1,1,1,1,1,8,9,9,9,9,9,9,9,9,9,9,8,8,8,8,8,,,,,,,,,,,,,,,,,,,,,,,,,,,,,,,,,,,,,,,,,,,,,,,,,,,,,,,,,,,,,,,,,,,,,,,,,,,,,,,,,,,,,,,,,,,,,,,,,,,,,,,,,,,,,,,,,,,,,,,,,,,,,,,,,,,,,,,,,,,,,,,,,,,,,,,,,,,,,,,,,,,,,,,,,,,,,,,,,,,,,,,
Aspect2 Mapped Labels,O,O,O,O,O,O,O,O,O,O,O,O,O,O,O,O,O,O,O,O,O,O,O,O,O,O,O,B-효과/성능/기능,I-효과/성능/기능,I-효과/성능/기능,I-효과/성능/기능,I-효과/성능/기능,I-효과/성능/기능,I-효과/성능/기능,I-효과/성능/기능,I-효과/성능/기능,I-효과/성능/기능,I-효과/성능/기능,B-효과/성능/기능,B-효과/성능/기능,B-효과/성능/기능,B-효과/성능/기능,B-효과/성능/기능,,,,,,,,,,,,,,,,,,,,,,,,,,,,,,,,,,,,,,,,,,,,,,,,,,,,,,,,,,,,,,,,,,,,,,,,,,,,,,,,,,,,,,,,,,,,,,,,,,,,,,,,,,,,,,,,,,,,,,,,,,,,,,,,,,,,,,,,,,,,,,,,,,,,,,,,,,,,,,,,,,,,,,,,,,,,,,,,,,,,,,,
Tokenized Text,기획,##으로,엄청,이득,##보,##고,산,제품,##이,##에,##요,매장,##에서,테스트,해,##보,##고,바로,샀,##는데,아직,##까,##지,만족,하고,있,##어요,다른,미스트,처럼,쉽,##게,건조,##해,##지,##지,않,##고,수분,##감,##이,오래가,##요,,,,,,,,,,,,,,,,,,,,,,,,,,,,,,,,,,,,,,,,,,,,,,,,,,,,,,,,,,,,,,,,,,,,,,,,,,,,,,,,,,,,,,,,,,,,,,,,,,,,,,,,,,,,,,,,,,,,,,,,,,,,,,,,,,,,,,,,,,,,,,,,,,,,,,,,,,,,,,,,,,,,,,,,,,,,,,,,,,,,,,,
Sentiment Origin Labels,1,1,1,1,1,2,2,2,2,2,2,2,2,3,3,3,3,3,3,3,3,3,3,3,3,3,3,3,,,,,,,,,,,,,,,,,,,,,,,,,,,,,,,,,,,,,,,,,,,,,,,,,,,,,,,,,,,,,,,,,,,,,,,,,,,,,,,,,,,,,,,,,,,,,,,,,,,,,,,,,,,,,,,,,,,,,,,,,,,,,,,,,,,,,,,,,,,,,,,,,,,,,,,,,,,,,,,,,,,,,,,,,,,,,,,,,,,,,,,,,,,,,,,,,,,,,,
Sentiment Mapped Labels,O,O,O,O,O,B-긍정,B-긍정,B-긍정,B-긍정,B-긍정,B-긍정,B-긍정,B-긍정,I-긍정,I-긍정,I-긍정,I-긍정,I-긍정,I-긍정,I-긍정,I-긍정,I-긍정,I-긍정,I-긍정,I-긍정,I-긍정,I-긍정,I-긍정,,,,,,,,,,,,,,,,,,,,,,,,,,,,,,,,,,,,,,,,,,,,,,,,,,,,,,,,,,,,,,,,,,,,,,,,,,,,,,,,,,,,,,,,,,,,,,,,,,,,,,,,,,,,,,,,,,,,,,,,,,,,,,,,,,,,,,,,,,,,,,,,,,,,,,,,,,,,,,,,,,,,,,,,,,,,,,,,,,,,,,,,,,,,,,,,,,,,,,
Aspect2 Original Labels,1,1,1,1,1,10,10,10,10,10,10,12,12,13,13,13,13,13,13,13,13,13,13,13,13,13,13,13,,,,,,,,,,,,,,,,,,,,,,,,,,,,,,,,,,,,,,,,,,,,,,,,,,,,,,,,,,,,,,,,,,,,,,,,,,,,,,,,,,,,,,,,,,,,,,,,,,,,,,,,,,,,,,,,,,,,,,,,,,,,,,,,,,,,,,,,,,,,,,,,,,,,,,,,,,,,,,,,,,,,,,,,,,,,,,,,,,,,,,,,,,,,,,,,,,,,,,
Aspect2 Mapped Labels,O,O,O,O,O,B-사용감/착용감,B-사용감/착용감,B-사용감/착용감,B-사용감/착용감,B-사용감/착용감,B-사용감/착용감,B-편의성/활용성,B-편의성/활용성,I-편의성/활용성,I-편의성/활용성,I-편의성/활용성,I-편의성/활용성,I-편의성/활용성,I-편의성/활용성,I-편의성/활용성,I-편의성/활용성,I-편의성/활용성,I-편의성/활용성,I-편의성/활용성,I-편의성/활용성,I-편의성/활용성,I-편의성/활용성,I-편의성/활용성,,,,,,,,,,,,,,,,,,,,,,,,,,,,,,,,,,,,,,,,,,,,,,,,,,,,,,,,,,,,,,,,,,,,,,,,,,,,,,,,,,,,,,,,,,,,,,,,,,,,,,,,,,,,,,,,,,,,,,,,,,,,,,,,,,,,,,,,,,,,,,,,,,,,,,,,,,,,,,,,,,,,,,,,,,,,,,,,,,,,,,,,,,,,,,,,,,,,,,
Tokenized Text,일단,처음,##느,##낌,##처럼,향,##이,##정,##말,##좋,##고,미스트,##처럼,뿌,##릴,##수,##있,##어,##서,들,##고,##다니,##면서,이용,##하기,##좋,##아,##요,,,,,,,,,,,,,,,,,,,,,,,,,,,,,,,,,,,,,,,,,,,,,,,,,,,,,,,,,,,,,,,,,,,,,,,,,,,,,,,,,,,,,,,,,,,,,,,,,,,,,,,,,,,,,,,,,,,,,,,,,,,,,,,,,,,,,,,,,,,,,,,,,,,,,,,,,,,,,,,,,,,,,,,,,,,,,,,,,,,,,,,,,,,,,,,,,,,,,,
Sentiment Origin Labels,2,2,2,3,3,4,5,5,5,5,5,5,5,5,5,5,5,5,,,,,,,,,,,,,,,,,,,,,,,,,,,,,,,,,,,,,,,,,,,,,,,,,,,,,,,,,,,,,,,,,,,,,,,,,,,,,,,,,,,,,,,,,,,,,,,,,,,,,,,,,,,,,,,,,,,,,,,,,,,,,,,,,,,,,,,,,,,,,,,,,,,,,,,,,,,,,,,,,,,,,,,,,,,,,,,,,,,,,,,,,,,,,,,,,,,,,,,,,,,,,,,,
Sentiment Mapped Labels,B-긍정,B-긍정,B-긍정,I-긍정,I-긍정,B-부정,I-부정,I-부정,I-부정,I-부정,I-부정,I-부정,I-부정,I-부정,I-부정,I-부정,I-부정,I-부정,,,,,,,,,,,,,,,,,,,,,,,,,,,,,,,,,,,,,,,,,,,,,,,,,,,,,,,,,,,,,,,,,,,,,,,,,,,,,,,,,,,,,,,,,,,,,,,,,,,,,,,,,,,,,,,,,,,,,,,,,,,,,,,,,,,,,,,,,,,,,,,,,,,,,,,,,,,,,,,,,,,,,,,,,,,,,,,,,,,,,,,,,,,,,,,,,,,,,,,,,,,,,,,,
Aspect2 Original Labels,8,8,8,9,9,8,9,9,9,9,9,9,9,9,9,9,9,9,,,,,,,,,,,,,,,,,,,,,,,,,,,,,,,,,,,,,,,,,,,,,,,,,,,,,,,,,,,,,,,,,,,,,,,,,,,,,,,,,,,,,,,,,,,,,,,,,,,,,,,,,,,,,,,,,,,,,,,,,,,,,,,,,,,,,,,,,,,,,,,,,,,,,,,,,,,,,,,,,,,,,,,,,,,,,,,,,,,,,,,,,,,,,,,,,,,,,,,,,,,,,,,,
Aspect2 Mapped Labels,B-효과/성능/기능,B-효과/성능/기능,B-효과/성능/기능,I-효과/성능/기능,I-효과/성능/기능,B-효과/성능/기능,I-효과/성능/기능,I-효과/성능/기능,I-효과/성능/기능,I-효과/성능/기능,I-효과/성능/기능,I-효과/성능/기능,I-효과/성능/기능,I-효과/성능/기능,I-효과/성능/기능,I-효과/성능/기능,I-효과/성능/기능,I-효과/성능/기능,,,,,,,,,,,,,,,,,,,,,,,,,,,,,,,,,,,,,,,,,,,,,,,,,,,,,,,,,,,,,,,,,,,,,,,,,,,,,,,,,,,,,,,,,,,,,,,,,,,,,,,,,,,,,,,,,,,,,,,,,,,,,,,,,,,,,,,,,,,,,,,,,,,,,,,,,,,,,,,,,,,,,,,,,,,,,,,,,,,,,,,,,,,,,,,,,,,,,,,,,,,,,,,,
Tokenized Text,보습,##력,##은,좋,##지만,너무,많이,바르,##면,번들,##거려,##서,오히려,안,##좋,##았,##어요,!,,,,,,,,,,,,,,,,,,,,,,,,,,,,,,,,,,,,,,,,,,,,,,,,,,,,,,,,,,,,,,,,,,,,,,,,,,,,,,,,,,,,,,,,,,,,,,,,,,,,,,,,,,,,,,,,,,,,,,,,,,,,,,,,,,,,,,,,,,,,,,,,,,,,,,,,,,,,,,,,,,,,,,,,,,,,,,,,,,,,,,,,,,,,,,,,,,,,,,,,,,,,,,,,
Sentiment Origin Labels,2,2,3,3,3,3,3,3,2,2,2,2,2,2,2,3,3,,,,,,,,,,,,,,,,,,,,,,,,,,,,,,,,,,,,,,,,,,,,,,,,,,,,,,,,,,,,,,,,,,,,,,,,,,,,,,,,,,,,,,,,,,,,,,,,,,,,,,,,,,,,,,,,,,,,,,,,,,,,,,,,,,,,,,,,,,,,,,,,,,,,,,,,,,,,,,,,,,,,,,,,,,,,,,,,,,,,,,,,,,,,,,,,,,,,,,,,,,,,,,,,,
Sentiment Mapped Labels,B-긍정,B-긍정,I-긍정,I-긍정,I-긍정,I-긍정,I-긍정,I-긍정,B-긍정,B-긍정,B-긍정,B-긍정,B-긍정,B-긍정,B-긍정,I-긍정,I-긍정,,,,,,,,,,,,,,,,,,,,,,,,,,,,,,,,,,,,,,,,,,,,,,,,,,,,,,,,,,,,,,,,,,,,,,,,,,,,,,,,,,,,,,,,,,,,,,,,,,,,,,,,,,,,,,,,,,,,,,,,,,,,,,,,,,,,,,,,,,,,,,,,,,,,,,,,,,,,,,,,,,,,,,,,,,,,,,,,,,,,,,,,,,,,,,,,,,,,,,,,,,,,,,,,,
Aspect2 Original Labels,8,8,9,9,9,9,9,9,8,8,8,8,8,10,10,11,11,,,,,,,,,,,,,,,,,,,,,,,,,,,,,,,,,,,,,,,,,,,,,,,,,,,,,,,,,,,,,,,,,,,,,,,,,,,,,,,,,,,,,,,,,,,,,,,,,,,,,,,,,,,,,,,,,,,,,,,,,,,,,,,,,,,,,,,,,,,,,,,,,,,,,,,,,,,,,,,,,,,,,,,,,,,,,,,,,,,,,,,,,,,,,,,,,,,,,,,,,,,,,,,,,
Aspect2 Mapped Labels,B-효과/성능/기능,B-효과/성능/기능,I-효과/성능/기능,I-효과/성능/기능,I-효과/성능/기능,I-효과/성능/기능,I-효과/성능/기능,I-효과/성능/기능,B-효과/성능/기능,B-효과/성능/기능,B-효과/성능/기능,B-효과/성능/기능,B-효과/성능/기능,B-사용감/착용감,B-사용감/착용감,I-사용감/착용감,I-사용감/착용감,,,,,,,,,,,,,,,,,,,,,,,,,,,,,,,,,,,,,,,,,,,,,,,,,,,,,,,,,,,,,,,,,,,,,,,,,,,,,,,,,,,,,,,,,,,,,,,,,,,,,,,,,,,,,,,,,,,,,,,,,,,,,,,,,,,,,,,,,,,,,,,,,,,,,,,,,,,,,,,,,,,,,,,,,,,,,,,,,,,,,,,,,,,,,,,,,,,,,,,,,,,,,,,,,
Tokenized Text,사무실,##이,건조,##한,##데,이걸,쓰,##면,촉촉,##함,##도,오래가,##고,향기,##도,좋아,##요,,,,,,,,,,,,,,,,,,,,,,,,,,,,,,,,,,,,,,,,,,,,,,,,,,,,,,,,,,,,,,,,,,,,,,,,,,,,,,,,,,,,,,,,,,,,,,,,,,,,,,,,,,,,,,,,,,,,,,,,,,,,,,,,,,,,,,,,,,,,,,,,,,,,,,,,,,,,,,,,,,,,,,,,,,,,,,,,,,,,,,,,,,,,,,,,,,,,,,,,,,,,,,,,,
Sentiment Origin Labels,1,1,1,1,1,1,1,1,1,1,2,2,2,3,3,3,3,3,3,3,3,1,1,1,1,1,1,1,1,1,1,1,1,1,1,1,1,1,1,1,4,5,5,5,5,5,5,5,5,5,5,5,5,5,5,5,5,,,,,,,,,,,,,,,,,,,,,,,,,,,,,,,,,,,,,,,,,,,,,,,,,,,,,,,,,,,,,,,,,,,,,,,,,,,,,,,,,,,,,,,,,,,,,,,,,,,,,,,,,,,,,,,,,,,,,,,,,,,,,,,,,,,,,,,,,,,,,,,,,,,,,,,,,,,,,,,,,,,,,,,,,
Sentiment Mapped Labels,O,O,O,O,O,O,O,O,O,O,B-긍정,B-긍정,B-긍정,I-긍정,I-긍정,I-긍정,I-긍정,I-긍정,I-긍정,I-긍정,I-긍정,O,O,O,O,O,O,O,O,O,O,O,O,O,O,O,O,O,O,O,B-부정,I-부정,I-부정,I-부정,I-부정,I-부정,I-부정,I-부정,I-부정,I-부정,I-부정,I-부정,I-부정,I-부정,I-부정,I-부정,I-부정,,,,,,,,,,,,,,,,,,,,,,,,,,,,,,,,,,,,,,,,,,,,,,,,,,,,,,,,,,,,,,,,,,,,,,,,,,,,,,,,,,,,,,,,,,,,,,,,,,,,,,,,,,,,,,,,,,,,,,,,,,,,,,,,,,,,,,,,,,,,,,,,,,,,,,,,,,,,,,,,,,,,,,,,,
Aspect2 Original Labels,1,1,1,1,1,1,1,1,1,1,4,4,4,5,5,5,5,5,5,5,5,1,1,1,1,1,1,1,1,1,1,1,1,1,1,1,1,1,1,1,8,9,9,9,9,9,9,9,9,9,9,9,9,9,9,9,9,,,,,,,,,,,,,,,,,,,,,,,,,,,,,,,,,,,,,,,,,,,,,,,,,,,,,,,,,,,,,,,,,,,,,,,,,,,,,,,,,,,,,,,,,,,,,,,,,,,,,,,,,,,,,,,,,,,,,,,,,,,,,,,,,,,,,,,,,,,,,,,,,,,,,,,,,,,,,,,,,,,,,,,,,
Aspect2 Mapped Labels,O,O,O,O,O,O,O,O,O,O,B-품질/디자인/구성,B-품질/디자인/구성,B-품질/디자인/구성,I-품질/디자인/구성,I-품질/디자인/구성,I-품질/디자인/구성,I-품질/디자인/구성,I-품질/디자인/구성,I-품질/디자인/구성,I-품질/디자인/구성,I-품질/디자인/구성,O,O,O,O,O,O,O,O,O,O,O,O,O,O,O,O,O,O,O,B-효과/성능/기능,I-효과/성능/기능,I-효과/성능/기능,I-효과/성능/기능,I-효과/성능/기능,I-효과/성능/기능,I-효과/성능/기능,I-효과/성능/기능,I-효과/성능/기능,I-효과/성능/기능,I-효과/성능/기능,I-효과/성능/기능,I-효과/성능/기능,I-효과/성능/기능,I-효과/성능/기능,I-효과/성능/기능,I-효과/성능/기능,,,,,,,,,,,,,,,,,,,,,,,,,,,,,,,,,,,,,,,,,,,,,,,,,,,,,,,,,,,,,,,,,,,,,,,,,,,,,,,,,,,,,,,,,,,,,,,,,,,,,,,,,,,,,,,,,,,,,,,,,,,,,,,,,,,,,,,,,,,,,,,,,,,,,,,,,,,,,,,,,,,,,,,,,
Tokenized Text,다,##들,좋,##다,##좋,##다,##해서,사지,##만,물론,광채,##나,덜,날라,##감,이런,##거,##에,##선,좋,##지만,유분,##이,많,##으,##신,##분,등,본인,피부,##에,맞춰서,구매,##하,##셨,##음,##합,##니당,!,!,유분,많,##으,##신,##분,이거,##까,##지,얹,##히,##면,피지,파티,##되,##버려,##용,ㅠ,,,,,,,,,,,,,,,,,,,,,,,,,,,,,,,,,,,,,,,,,,,,,,,,,,,,,,,,,,,,,,,,,,,,,,,,,,,,,,,,,,,,,,,,,,,,,,,,,,,,,,,,,,,,,,,,,,,,,,,,,,,,,,,,,,,,,,,,,,,,,,,,,,,,,,,,,,,,,,,,,,,,,,,,,
Sentiment Origin Labels,2,2,3,3,3,2,2,3,3,3,3,3,3,3,3,3,1,1,1,1,1,1,1,1,1,1,1,1,1,1,1,1,1,1,1,1,1,1,1,1,1,1,1,2,2,3,3,3,3,3,3,3,3,3,3,3,3,3,3,2,2,2,2,2,3,3,3,3,2,2,2,3,3,3,3,3,3,3,3,3,3,3,3,1,2,2,2,3,3,3,3,3,3,3,3,3,3,3,3,3,3,3,3,3,3,3,3,3,3,3,3,3,3,3,3,3,2,2,2,3,2,2,3,3,3,3,3,3,3,3,3,3,3,3,2,2,3,3,3,3,3,3,3,3,3,3,3,3,3,3,3,3,3,1,1,1,1,1,1,1,1,1,1,,,,,,,,,,,,,,,,,,,,,,,,,,,,,,,,,,,,,,,,,,,,,,,,,,,,,,,,,,,,,,,
Sentiment Mapped Labels,B-긍정,B-긍정,I-긍정,I-긍정,I-긍정,B-긍정,B-긍정,I-긍정,I-긍정,I-긍정,I-긍정,I-긍정,I-긍정,I-긍정,I-긍정,I-긍정,O,O,O,O,O,O,O,O,O,O,O,O,O,O,O,O,O,O,O,O,O,O,O,O,O,O,O,B-긍정,B-긍정,I-긍정,I-긍정,I-긍정,I-긍정,I-긍정,I-긍정,I-긍정,I-긍정,I-긍정,I-긍정,I-긍정,I-긍정,I-긍정,I-긍정,B-긍정,B-긍정,B-긍정,B-긍정,B-긍정,I-긍정,I-긍정,I-긍정,I-긍정,B-긍정,B-긍정,B-긍정,I-긍정,I-긍정,I-긍정,I-긍정,I-긍정,I-긍정,I-긍정,I-긍정,I-긍정,I-긍정,I-긍정,I-긍정,O,B-긍정,B-긍정,B-긍정,I-긍정,I-긍정,I-긍정,I-긍정,I-긍정,I-긍정,I-긍정,I-긍정,I-긍정,I-긍정,I-긍정,I-긍정,I-긍정,I-긍정,I-긍정,I-긍정,I-긍정,I-긍정,I-긍정,I-긍정,I-긍정,I-긍정,I-긍정,I-긍정,I-긍정,I-긍정,I-긍정,I-긍정,I-긍정,B-긍정,B-긍정,B-긍정,I-긍정,B-긍정,B-긍정,I-긍정,I-긍정,I-긍정,I-긍정,I-긍정,I-긍정,I-긍정,I-긍정,I-긍정,I-긍정,I-긍정,I-긍정,B-긍정,B-긍정,I-긍정,I-긍정,I-긍정,I-긍정,I-긍정,I-긍정,I-긍정,I-긍정,I-긍정,I-긍정,I-긍정,I-긍정,I-긍정,I-긍정,I-긍정,I-긍정,I-긍정,O,O,O,O,O,O,O,O,O,O,,,,,,,,,,,,,,,,,,,,,,,,,,,,,,,,,,,,,,,,,,,,,,,,,,,,,,,,,,,,,,,
Aspect2 Original Labels,4,4,5,5,5,8,8,9,9,9,9,9,9,9,9,9,12,12,13,13,13,13,13,13,13,13,13,1,1,1,1,1,1,1,1,1,1,1,1,1,1,1,1,4,4,5,5,5,5,5,5,5,5,5,5,5,5,5,5,5,5,8,8,8,9,9,9,9,8,8,8,9,9,9,9,9,9,9,9,9,9,9,9,1,4,4,4,5,5,5,5,5,5,5,5,5,12,12,13,13,13,13,13,13,13,13,13,13,13,13,13,13,13,13,13,13,8,8,8,9,12,12,13,13,13,13,8,9,9,9,9,9,9,9,10,10,11,11,11,11,11,11,11,11,11,11,11,11,11,11,11,11,11,1,1,1,1,1,1,1,1,1,1,,,,,,,,,,,,,,,,,,,,,,,,,,,,,,,,,,,,,,,,,,,,,,,,,,,,,,,,,,,,,,,
Aspect2 Mapped Labels,B-품질/디자인/구성,B-품질/디자인/구성,I-품질/디자인/구성,I-품질/디자인/구성,I-품질/디자인/구성,B-효과/성능/기능,B-효과/성능/기능,I-효과/성능/기능,I-효과/성능/기능,I-효과/성능/기능,I-효과/성능/기능,I-효과/성능/기능,I-효과/성능/기능,I-효과/성능/기능,I-효과/성능/기능,I-효과/성능/기능,B-편의성/활용성,B-편의성/활용성,I-편의성/활용성,I-편의성/활용성,I-편의성/활용성,I-편의성/활용성,I-편의성/활용성,I-편의성/활용성,I-편의성/활용성,I-편의성/활용성,I-편의성/활용성,O,O,O,O,O,O,O,O,O,O,O,O,O,O,O,O,B-품질/디자인/구성,B-품질/디자인/구성,I-품질/디자인/구성,I-품질/디자인/구성,I-품질/디자인/구성,I-품질/디자인/구성,I-품질/디자인/구성,I-품질/디자인/구성,I-품질/디자인/구성,I-품질/디자인/구성,I-품질/디자인/구성,I-품질/디자인/구성,I-품질/디자인/구성,I-품질/디자인/구성,I-품질/디자인/구성,I-품질/디자인/구성,I-품질/디자인/구성,I-품질/디자인/구성,B-효과/성능/기능,B-효과/성능/기능,B-효과/성능/기능,I-효과/성능/기능,I-효과/성능/기능,I-효과/성능/기능,I-효과/성능/기능,B-효과/성능/기능,B-효과/성능/기능,B-효과/성능/기능,I-효과/성능/기능,I-효과/성능/기능,I-효과/성능/기능,I-효과/성능/기능,I-효과/성능/기능,I-효과/성능/기능,I-효과/성능/기능,I-효과/성능/기능,I-효과/성능/기능,I-효과/성능/기능,I-효과/성능/기능,I-효과/성능/기능,O,B-품질/디자인/구성,B-품질/디자인/구성,B-품질/디자인/구성,I-품질/디자인/구성,I-품질/디자인/구성,I-품질/디자인/구성,I-품질/디자인/구성,I-품질/디자인/구성,I-품질/디자인/구성,I-품질/디자인/구성,I-품질/디자인/구성,I-품질/디자인/구성,B-편의성/활용성,B-편의성/활용성,I-편의성/활용성,I-편의성/활용성,I-편의성/활용성,I-편의성/활용성,I-편의성/활용성,I-편의성/활용성,I-편의성/활용성,I-편의성/활용성,I-편의성/활용성,I-편의성/활용성,I-편의성/활용성,I-편의성/활용성,I-편의성/활용성,I-편의성/활용성,I-편의성/활용성,I-편의성/활용성,I-편의성/활용성,I-편의성/활용성,B-효과/성능/기능,B-효과/성능/기능,B-효과/성능/기능,I-효과/성능/기능,B-편의성/활용성,B-편의성/활용성,I-편의성/활용성,I-편의성/활용성,I-편의성/활용성,I-편의성/활용성,B-효과/성능/기능,I-효과/성능/기능,I-효과/성능/기능,I-효과/성능/기능,I-효과/성능/기능,I-효과/성능/기능,I-효과/성능/기능,I-효과/성능/기능,B-사용감/착용감,B-사용감/착용감,I-사용감/착용감,I-사용감/착용감,I-사용감/착용감,I-사용감/착용감,I-사용감/착용감,I-사용감/착용감,I-사용감/착용감,I-사용감/착용감,I-사용감/착용감,I-사용감/착용감,I-사용감/착용감,I-사용감/착용감,I-사용감/착용감,I-사용감/착용감,I-사용감/착용감,I-사용감/착용감,I-사용감/착용감,O,O,O,O,O,O,O,O,O,O,,,,,,,,,,,,,,,,,,,,,,,,,,,,,,,,,,,,,,,,,,,,,,,,,,,,,,,,,,,,,,,
Tokenized Text,겉,##은,산뜻,##하면,##서,속,##은,촉촉,##하,##게,케어,##를,해,##주,##어,##서,스킨,##처럼,잘,사용,##하고,있,##는,제품,##인,##데요,~,한,##달,##넘,##게,사용,##해,##봤,##는데,…,.,달,##바,스프레이,세,##럼,##은,피부,##를,부드럽,##게,감싸,##는,4,##가지,##의,식물,##성,블,##렌,##딩,오일,##이,매끈,##하고,촉촉,##하,##게,케어,##해,##주,##면서,쫀,##쫀,##한,탄력,##케어,##까,##지,해,##주,##는,##것,같,##아,##요,~,또한,스프레이,##형,##으로,되,##어,##있,##어,분사,##력,##도,좋아,##서,피부,##에,고르,##게,뿌려,##줘,##서,##인지,스킨케어,##하기,##에,좋,##은,제품,##인,##것,같,##습,##니다,.,흡수,##력,##도,좋아,여러,##번,레이어,##링,##을,해도,피부,속,##의,보습,##감,##이,넘치,##지만,겉,##은,계속,보,##들,##보,##들,##하,##는,##점,##이,가장,맘,##에,##드,##는,부분,##입니다,.,완전,잘,사용,##하고,있,##습,##니다,.,^,^,,,,,,,,,,,,,,,,,,,,,,,,,,,,,,,,,,,,,,,,,,,,,,,,,,,,,,,,,,,,,,,
Sentiment Origin Labels,2,2,2,3,3,3,3,3,3,3,1,1,1,1,1,1,1,1,1,1,,,,,,,,,,,,,,,,,,,,,,,,,,,,,,,,,,,,,,,,,,,,,,,,,,,,,,,,,,,,,,,,,,,,,,,,,,,,,,,,,,,,,,,,,,,,,,,,,,,,,,,,,,,,,,,,,,,,,,,,,,,,,,,,,,,,,,,,,,,,,,,,,,,,,,,,,,,,,,,,,,,,,,,,,,,,,,,,,,,,,,,,,,,,,,,,,,,,,,,,,,,,,,
Sentiment Mapped Labels,B-긍정,B-긍정,B-긍정,I-긍정,I-긍정,I-긍정,I-긍정,I-긍정,I-긍정,I-긍정,O,O,O,O,O,O,O,O,O,O,,,,,,,,,,,,,,,,,,,,,,,,,,,,,,,,,,,,,,,,,,,,,,,,,,,,,,,,,,,,,,,,,,,,,,,,,,,,,,,,,,,,,,,,,,,,,,,,,,,,,,,,,,,,,,,,,,,,,,,,,,,,,,,,,,,,,,,,,,,,,,,,,,,,,,,,,,,,,,,,,,,,,,,,,,,,,,,,,,,,,,,,,,,,,,,,,,,,,,,,,,,,,,
Aspect2 Original Labels,10,10,10,11,11,11,11,11,11,11,1,1,1,1,1,1,1,1,1,1,,,,,,,,,,,,,,,,,,,,,,,,,,,,,,,,,,,,,,,,,,,,,,,,,,,,,,,,,,,,,,,,,,,,,,,,,,,,,,,,,,,,,,,,,,,,,,,,,,,,,,,,,,,,,,,,,,,,,,,,,,,,,,,,,,,,,,,,,,,,,,,,,,,,,,,,,,,,,,,,,,,,,,,,,,,,,,,,,,,,,,,,,,,,,,,,,,,,,,,,,,,,,,
Aspect2 Mapped Labels,B-사용감/착용감,B-사용감/착용감,B-사용감/착용감,I-사용감/착용감,I-사용감/착용감,I-사용감/착용감,I-사용감/착용감,I-사용감/착용감,I-사용감/착용감,I-사용감/착용감,O,O,O,O,O,O,O,O,O,O,,,,,,,,,,,,,,,,,,,,,,,,,,,,,,,,,,,,,,,,,,,,,,,,,,,,,,,,,,,,,,,,,,,,,,,,,,,,,,,,,,,,,,,,,,,,,,,,,,,,,,,,,,,,,,,,,,,,,,,,,,,,,,,,,,,,,,,,,,,,,,,,,,,,,,,,,,,,,,,,,,,,,,,,,,,,,,,,,,,,,,,,,,,,,,,,,,,,,,,,,,,,,,
Tokenized Text,자극,##적,##이지,않,##아,##서,좋,##습,##니다,.,다,쓰,##고,재,##구,##매,허,##려,합니다,.,,,,,,,,,,,,,,,,,,,,,,,,,,,,,,,,,,,,,,,,,,,,,,,,,,,,,,,,,,,,,,,,,,,,,,,,,,,,,,,,,,,,,,,,,,,,,,,,,,,,,,,,,,,,,,,,,,,,,,,,,,,,,,,,,,,,,,,,,,,,,,,,,,,,,,,,,,,,,,,,,,,,,,,,,,,,,,,,,,,,,,,,,,,,,,,,,,,,,,,,,,,,,,
